"","species","time_length","phenochange","min","max","names"
"1",1,5,-0.046717898910073,-0.443872106355889,0.300607810409275,5.1
"10",10,5,-0.0100485284367006,-0.365634544992488,0.337178650600587,5.1
"11",11,5,0.00962460267744796,-0.334414207734729,0.383486250814833,5.11
"12",12,5,0.0198250121968093,-0.260920179980017,0.319664929803195,5.12
"13",13,5,0.0574490577869721,-0.252912049990857,0.428232605661511,5.13
"14",14,5,-0.0597123118656006,-0.435705083150749,0.261125554056496,5.14
"15",15,5,-0.102018924324181,-0.497075941139148,0.187662272786796,5.15
"16",16,5,-0.0193205133195163,-0.395087874339763,0.359871536706025,5.16
"17",17,5,0.0512817342155294,-0.244903996554496,0.414846806997039,5.17
"18",18,5,-0.0254058103397078,-0.311948603439358,0.250896361440165,5.18
"19",19,5,0.0295896160797818,-0.293414793661037,0.393699633989891,5.19
"2",2,5,0.0177734554487291,-0.329887512293444,0.410659682149918,5.2
"20",20,5,-0.0398619512679523,-0.430081561629626,0.312052225403312,5.2
"21",21,5,0.0840413225300104,-0.207380197779025,0.4732158543449,5.21
"22",22,5,0.0547684355559738,-0.251323381487552,0.431398706806875,5.22
"23",23,5,-0.0301150596092813,-0.395405938972728,0.315269262731228,5.23
"24",24,5,-0.0265815690451125,-0.351586518209963,0.277762701968343,5.24
"25",25,5,-0.0329174984847931,-0.397050369401701,0.29992054072039,5.25
"26",26,5,-0.0322878270781164,-0.372603789140548,0.281208666756835,5.26
"27",27,5,-0.00117047683682644,-0.370877785556126,0.380805899016497,5.27
"28",28,5,0.0457884313948647,-0.300385966373565,0.476810929312327,5.28
"29",29,5,-0.0458896850920598,-0.429952343522548,0.298468577227944,5.29
"3",3,5,0.0537157245393194,-0.259163063966824,0.461538991537676,5.3
"30",30,5,0.0855342597311038,-0.218413689547132,0.506393955051371,5.3
"31",31,5,0.0042657169035224,-0.328215303853412,0.35162894901459,5.31
"32",32,5,-0.0108994244430154,-0.387255394425058,0.355867758051848,5.32
"33",33,5,-0.145111468433566,-0.607558480073195,0.152728856799295,5.33
"34",34,5,0.0733381492781572,-0.222370710159445,0.463515461964614,5.34
"35",35,5,-0.0120941051696115,-0.359576818377731,0.335013955268266,5.35
"36",36,5,0.0289517463239182,-0.27955003840224,0.383652504312452,5.36
"37",37,5,0.0195645383614128,-0.321837207040789,0.402713829936841,5.37
"38",38,5,-0.0337191741731706,-0.422742872680411,0.329581882968669,5.38
"39",39,5,0.0024616239287691,-0.361176813914676,0.386460115799907,5.39
"4",4,5,-0.0411966928893765,-0.415715422004709,0.305805152546154,5.4
"40",40,5,-0.0493785236576637,-0.421340884984778,0.278107118892921,5.4
"41",41,5,0.00844012877929072,-0.33064175392568,0.382512969923248,5.41
"42",42,5,0.050844475578447,-0.269500391334048,0.436448263317158,5.42
"43",43,5,-0.00987905792094146,-0.388049613033821,0.371962031151259,5.43
"44",44,5,0.0550107115504009,-0.249286799202809,0.44079743011095,5.44
"45",45,5,-0.0487221448024063,-0.428012649459047,0.284308689604003,5.45
"46",46,5,0.0452739341263668,-0.282372264435134,0.444198000450692,5.46
"47",47,5,0.00489100035132963,-0.345515679923714,0.376672976293998,5.47
"48",48,5,-0.110974972524146,-0.504817249404218,0.17658130439655,5.48
"49",49,5,-0.00179713549497795,-0.317052559782658,0.323448866738817,5.49
"5",5,5,-0.105789311784708,-0.529974743293781,0.204878380976026,5.5
"50",50,5,0.037863945057575,-0.301045534019677,0.448466532065149,5.5
"51",51,5,0.0667545229984279,-0.222054699766926,0.433699251164098,5.51
"52",52,5,0.0144362612720467,-0.283332664799875,0.327384728515557,5.52
"53",53,5,-0.0140908287005895,-0.34284615130445,0.310635069886535,5.53
"54",54,5,-0.017376111904263,-0.361736776380838,0.316744445272394,5.54
"55",55,5,-0.0665746795696306,-0.447994718761437,0.25303349057185,5.55
"56",56,5,-0.0643569666673344,-0.448628140528571,0.250741013563579,5.56
"57",57,5,0.00571579103655599,-0.34842676136087,0.38436210478274,5.57
"58",58,5,-0.0944368421917957,-0.445995874436109,0.174104947371353,5.58
"59",59,5,-0.0617893535340246,-0.435475843544763,0.253311061629751,5.59
"6",6,5,0.00581819325027026,-0.347389051689658,0.393395669144167,5.6
"60",60,5,0.0162944320653414,-0.310033756058389,0.374133309456048,5.6
"61",61,5,0.0433256997645978,-0.282396156197164,0.438374555889503,5.61
"62",62,5,0.0500517474803879,-0.28677564887895,0.465017401942235,5.62
"63",63,5,-0.0500211408956979,-0.431299181889602,0.281884003980822,5.63
"64",64,5,0.105058238851607,-0.210132117670724,0.564992770975935,5.64
"65",65,5,-0.0427661713420301,-0.401661076465527,0.272509092736357,5.65
"66",66,5,-0.0470339278733085,-0.420053571866575,0.290158718375685,5.66
"67",67,5,-0.010749328117955,-0.325853395605147,0.307770168450919,5.67
"68",68,5,-0.0421911572776814,-0.433632760023859,0.294356665008384,5.68
"69",69,5,0.0516374615732076,-0.254492270793258,0.418492576381117,5.69
"7",7,5,0.111211910638569,-0.155116678579827,0.480504190831327,5.7
"70",70,5,0.0426032232529522,-0.28339603860131,0.451624211128775,5.7
"71",71,5,-0.216865000397837,-0.619490910463776,0.0593740589005878,5.71
"72",72,5,-0.0834858975298516,-0.519208885065819,0.243050978991589,5.72
"73",73,5,-0.0563025959912076,-0.412348844140639,0.24563230732574,5.73
"74",74,5,-0.0418339098711587,-0.402728096706145,0.282679475096729,5.74
"75",75,5,-0.0915300070691717,-0.489475461368844,0.209422973296841,5.75
"76",76,5,-0.0113677457062642,-0.370659187661192,0.34880569821023,5.76
"77",77,5,-0.036213205303823,-0.413093707415641,0.304688691315559,5.77
"78",78,5,0.0446766008884289,-0.291986750668928,0.435472935458255,5.78
"79",79,5,-0.000104489263268119,-0.358061082370273,0.388016036550033,5.79
"8",8,5,0.0185377423960912,-0.300563132478522,0.379572468733103,5.8
"80",80,5,0.0400051265497761,-0.259405622231063,0.391967760798594,5.8
"81",81,5,0.0711110751887341,-0.236102685296194,0.473553256871334,5.81
"82",82,5,0.025597482221579,-0.27859443879767,0.372188267816208,5.82
"83",83,5,-0.0472597608676574,-0.428801955970036,0.294546700617745,5.83
"84",84,5,-0.0156960645170248,-0.353989906254863,0.325397747829994,5.84
"85",85,5,-0.0256394853072248,-0.394636923571362,0.317941464577833,5.85
"86",86,5,0.0388406931683534,-0.24694558165737,0.366913802804614,5.86
"87",87,5,0.00301881083329134,-0.326166720392748,0.349628862753892,5.87
"88",88,5,-0.0582357936999428,-0.42045270246323,0.253796849129726,5.88
"9",9,5,-0.0249162075186992,-0.400857153136768,0.337644152189627,5.9
"89",1,10,0.00428962997306848,-0.192546799070082,0.151421334514222,10.1
"98",10,10,0.0152461672836773,-0.159868581000479,0.168878209938841,10.1
"99",11,10,0.0333884946942883,-0.122648962552318,0.20509682290805,10.11
"100",12,10,0.0244294544680907,-0.149392332116335,0.196935283129089,10.12
"101",13,10,-0.00995453341261214,-0.221526907084747,0.127207241549881,10.13
"102",14,10,0.0100841152390264,-0.174258590844968,0.16164297923169,10.14
"103",15,10,0.0319007529140614,-0.133768610203103,0.211212021745868,10.15
"104",16,10,-0.0192552832341659,-0.261559686413601,0.121304391328666,10.16
"105",17,10,0.0253175611011744,-0.138772068337719,0.184590728858081,10.17
"106",18,10,0.0337273704515616,-0.132625451227234,0.220690104640222,10.18
"107",19,10,0.0520937842899184,-0.0925875278837043,0.256875469228444,10.19
"90",2,10,0.044802295529423,-0.105889957182331,0.235868280985147,10.2
"108",20,10,0.0078586545184674,-0.191203782034176,0.167121279127396,10.2
"109",21,10,0.0100501759310122,-0.181444532359843,0.167678964270343,10.21
"110",22,10,0.0248971594515481,-0.146038873076943,0.195162078874099,10.22
"111",23,10,-0.00737926627429754,-0.223775266784683,0.133769794851846,10.23
"112",24,10,0.0189888504673754,-0.164107252077147,0.187022062835351,10.24
"113",25,10,-0.0175091370527455,-0.250245854137155,0.120832540123341,10.25
"114",26,10,0.00902972128635366,-0.178637810905821,0.161432297316813,10.26
"115",27,10,0.020467558197677,-0.160720233449657,0.190189942585565,10.27
"116",28,10,0.0521701863352742,-0.0874314512703452,0.247122718452943,10.28
"117",29,10,0.0161903701405502,-0.164008923223358,0.174794634340918,10.29
"91",3,10,0.0253439001581551,-0.137709751840468,0.186388166275396,10.3
"118",30,10,0.0260158896392978,-0.140729152063055,0.194810956788344,10.3
"119",31,10,0.00654049706312894,-0.183465701801955,0.152542443223914,10.31
"120",32,10,0.0403857224150284,-0.118722091270529,0.230097696838414,10.32
"121",33,10,0.0450492819340677,-0.110635792177049,0.250139988446846,10.33
"122",34,10,0.00310705196314663,-0.200719857668709,0.153514671530103,10.34
"123",35,10,0.0207855354426186,-0.147734666086669,0.180155622176589,10.35
"124",36,10,0.0176151663392322,-0.156656823945482,0.178431111260797,10.36
"125",37,10,0.0139065506308881,-0.169688637560046,0.168000950463299,10.37
"126",38,10,0.0269983303803604,-0.140680913173198,0.193374397559865,10.38
"127",39,10,0.0134612376143767,-0.158446521559837,0.15997738780829,10.39
"92",4,10,0.0281099780887669,-0.133393467912347,0.190811120584999,10.4
"128",40,10,0.023426613488987,-0.147504918414843,0.190626264448078,10.4
"129",41,10,0.0269186795314821,-0.131419733392502,0.191174325878414,10.41
"130",42,10,0.00712384620000659,-0.186109387158722,0.15878693871456,10.42
"131",43,10,0.0330243132923288,-0.127299501209858,0.210166466010297,10.43
"132",44,10,0.0114791432641336,-0.183382563519391,0.170538667615111,10.44
"133",45,10,0.0491916517606171,-0.099399038579961,0.255486756311041,10.45
"134",46,10,0.0434742041263883,-0.108584959550665,0.240384494081202,10.46
"135",47,10,0.0193656317940027,-0.148124665092145,0.171304299075978,10.47
"136",48,10,0.0250642957447132,-0.139910801890216,0.192369587013516,10.48
"137",49,10,0.0337619177413034,-0.131787616834332,0.21804617222222,10.49
"93",5,10,0.0236764337419172,-0.148558314564944,0.192441980880338,10.5
"138",50,10,0.0345224551644734,-0.123448149643494,0.213550081470007,10.5
"139",51,10,0.0445148080975802,-0.108904242802171,0.238525170079422,10.51
"140",52,10,0.0522039046913281,-0.0939536147583549,0.265267863970907,10.52
"141",53,10,0.0105047842221725,-0.172672553303104,0.163527450350841,10.53
"142",54,10,0.031208525980547,-0.134331585824965,0.210096422154705,10.54
"143",55,10,0.0331526048856074,-0.124207585028792,0.209091824098392,10.55
"144",56,10,0.00064345429545357,-0.207672056153819,0.151605033588027,10.56
"145",57,10,0.0323174884815757,-0.132286401447767,0.215105822593955,10.57
"146",58,10,0.0339973024373825,-0.125831104114271,0.217328668606027,10.58
"147",59,10,0.0400545163642111,-0.109918031379673,0.220259232921158,10.59
"94",6,10,0.06906211448458,-0.0758923414919871,0.319271552686825,10.6
"148",60,10,0.0268852729808301,-0.144742289056609,0.202299240021621,10.6
"149",61,10,0.0136204339320026,-0.16844994429487,0.172800765591794,10.61
"150",62,10,0.0276009230269651,-0.13860849801459,0.19857135259585,10.62
"151",63,10,0.0288167698987625,-0.128144861437203,0.20337207059307,10.63
"152",64,10,0.0407816237488612,-0.118770510412117,0.236468382922305,10.64
"153",65,10,0.0328383203178744,-0.136978407335924,0.217630784229573,10.65
"154",66,10,0.0147990014243851,-0.172037659377885,0.180457690143958,10.66
"155",67,10,-0.00483523107462152,-0.212886378452165,0.139517740630719,10.67
"156",68,10,0.0455522644653048,-0.0943781328251542,0.228260040540213,10.68
"157",69,10,0.0358823010027024,-0.114419745948743,0.216734891082948,10.69
"95",7,10,0.0286409035017946,-0.123622251423639,0.187832050269599,10.7
"158",70,10,0.022633817040793,-0.156514194185997,0.195444047909067,10.7
"159",71,10,0.0268455230119014,-0.127667303640891,0.185797268580176,10.71
"160",72,10,0.0164659633036819,-0.161414614034947,0.178063340906656,10.72
"161",73,10,0.0381818292870586,-0.123343782177176,0.235478181976182,10.73
"162",74,10,0.0248085622853624,-0.142144391769339,0.193733720750455,10.74
"163",75,10,0.00575354198316307,-0.176698832070496,0.147251170622687,10.75
"164",76,10,0.0314281683283332,-0.13093971703533,0.210957379905337,10.76
"165",77,10,0.0133530190233469,-0.169651107018967,0.172805931371983,10.77
"166",78,10,0.0341553943160621,-0.126140582314986,0.21688396870414,10.78
"167",79,10,0.0172926680271071,-0.164857758103112,0.184980836578903,10.79
"96",8,10,0.0264571156233935,-0.128499865426371,0.189209609237094,10.8
"168",80,10,0.0315162609172378,-0.131864654029252,0.213089798117965,10.8
"169",81,10,0.0320660280738422,-0.126138163441963,0.208543155711998,10.81
"170",82,10,0.014690563524548,-0.165908436577089,0.172881839931497,10.82
"171",83,10,0.00482314488924732,-0.176122829402241,0.14593306552057,10.83
"172",84,10,0.0272720762379353,-0.126115290953666,0.187531624190877,10.84
"173",85,10,0.0120797526176154,-0.166286423153594,0.159139866202865,10.85
"174",86,10,0.0227949888878166,-0.146899068649032,0.190853559188692,10.86
"175",87,10,0.0117116884617486,-0.17506288722018,0.171264646763346,10.87
"176",88,10,0.0192691393253199,-0.150022523921875,0.1742502289824,10.88
"97",9,10,0.0436378667493653,-0.109211967357782,0.244786649347531,10.9
"177",1,15,0.0181026455285553,-0.169863344176917,0.157511635535186,15.1
"186",10,15,0.0590247481602993,-0.0992952998963045,0.237353042678243,15.1
"187",11,15,0.034817026676574,-0.149405300019105,0.189012128852309,15.11
"188",12,15,0.0438078096150745,-0.122373184767888,0.20055668544745,15.12
"189",13,15,0.0516421945632493,-0.0978666921809237,0.203505302132808,15.13
"190",14,15,0.00861347746939064,-0.189408245154301,0.146068784953849,15.14
"191",15,15,0.0489424269476589,-0.110859030818659,0.212381386197941,15.15
"192",16,15,0.0624473921530374,-0.097928671448215,0.246797894041191,15.16
"193",17,15,0.0706290080999097,-0.0725616602607076,0.243730529117643,15.17
"194",18,15,0.0444383930093451,-0.119252557536226,0.198753423983928,15.18
"195",19,15,0.0714888836960454,-0.0703104429124175,0.251601324113611,15.19
"178",2,15,0.0323051443623568,-0.146075409269605,0.183506244316929,15.2
"196",20,15,0.0568995476792434,-0.0931494333797719,0.22234667661979,15.2
"197",21,15,0.0670109093745054,-0.0727218547095424,0.236742357113648,15.21
"198",22,15,0.0572462702963974,-0.0952291687256873,0.221941104895713,15.22
"199",23,15,0.0739058127061947,-0.065477205180978,0.251546274520994,15.23
"200",24,15,0.0948757568405288,-0.0352515435052525,0.292850197672449,15.24
"201",25,15,0.0374090681329377,-0.142759237434605,0.191504415296965,15.25
"202",26,15,0.053931204281984,-0.100537106451478,0.217495507748584,15.26
"203",27,15,0.0325954089006014,-0.134632855237033,0.174075844201277,15.27
"204",28,15,0.0365137347788459,-0.13861301052083,0.189603342947241,15.28
"205",29,15,0.0618361606256441,-0.0913353107973089,0.232669444758523,15.29
"179",3,15,0.0740501784633148,-0.0766257987905357,0.269132013111831,15.3
"206",30,15,0.0217069609754592,-0.163841620293946,0.166179457210093,15.3
"207",31,15,0.0370245513690988,-0.139227450754768,0.190697213724066,15.31
"208",32,15,0.00691740800834005,-0.204009745170999,0.146017302415368,15.32
"209",33,15,0.037066758912248,-0.137365709480622,0.18879430633563,15.33
"210",34,15,0.0411796640763219,-0.130341115743157,0.200401826782202,15.34
"211",35,15,0.0362939160639446,-0.132304191818126,0.187074920202071,15.35
"212",36,15,0.027672825476397,-0.149434738802721,0.168771609043349,15.36
"213",37,15,0.0284783045682213,-0.157792997716263,0.182041134085785,15.37
"214",38,15,0.061212888626315,-0.0917664262021347,0.238287222681408,15.38
"215",39,15,0.00288913026400439,-0.194956577478189,0.132092935738784,15.39
"180",4,15,0.0734851998690118,-0.0689781555929094,0.255840484147782,15.4
"216",40,15,0.0539439338896227,-0.105161245240966,0.216513545434155,15.4
"217",41,15,0.0527690403178644,-0.104021023112236,0.213161076261096,15.41
"218",42,15,0.0511322432068024,-0.103758063960238,0.213246065102028,15.42
"219",43,15,0.109092565155883,-0.030981575697688,0.345857171690383,15.43
"220",44,15,0.0868730501550807,-0.0570930099064698,0.294908945455738,15.44
"221",45,15,0.0556043951029963,-0.100581980981147,0.221967344159028,15.45
"222",46,15,0.042939387383267,-0.126808388024346,0.20878901255971,15.46
"223",47,15,0.0477761358393984,-0.107534634834255,0.200781823493432,15.47
"224",48,15,0.0626165806455727,-0.0903821371297268,0.242887715341631,15.48
"225",49,15,0.0524479411240623,-0.107655438830668,0.218705666817756,15.49
"181",5,15,0.00518856651753224,-0.201391126051304,0.142020975840658,15.5
"226",50,15,0.0967649248614393,-0.0407832759910073,0.315546875549568,15.5
"227",51,15,0.0496199433951632,-0.113693905952266,0.206476897350232,15.51
"228",52,15,0.0509659810643078,-0.104342478172727,0.207963969580219,15.52
"229",53,15,0.0469590680253389,-0.114638461403244,0.206388174544405,15.53
"230",54,15,0.0398972974759087,-0.124549554722607,0.189670961121002,15.54
"231",55,15,0.0697157368531674,-0.0806911826302533,0.2541168380266,15.55
"232",56,15,0.00383789516444628,-0.198478760805084,0.13959118777636,15.56
"233",57,15,0.0462141833716472,-0.109284599433907,0.198698936049625,15.57
"234",58,15,0.0316181141184785,-0.157322890850699,0.184177956206585,15.58
"235",59,15,0.0395225531598204,-0.122538723429892,0.187655427127589,15.59
"182",6,15,0.0844077821600201,-0.0520770285629269,0.273930659389691,15.6
"236",60,15,0.0279232032916285,-0.158648792083399,0.176383677986282,15.6
"237",61,15,0.0680323123097206,-0.0828746353466274,0.250674710436679,15.61
"238",62,15,0.0543845760645456,-0.10435796499183,0.224537860746332,15.62
"239",63,15,0.0247534578227447,-0.176189118994595,0.178914751994352,15.63
"240",64,15,0.0601744795243014,-0.0924585883135973,0.228891984490667,15.64
"241",65,15,0.0481825108113393,-0.11549763521055,0.217756015667583,15.65
"242",66,15,0.0859039494762107,-0.0549868215169566,0.286410987299751,15.66
"243",67,15,0.0408945663918536,-0.132885175045725,0.197457298955835,15.67
"244",68,15,0.0716284889179722,-0.073128627297802,0.256231580301339,15.68
"245",69,15,0.0291498840624856,-0.133556316669707,0.166020911144809,15.69
"183",7,15,0.0608784488849499,-0.0909685760118293,0.230679801964032,15.7
"246",70,15,0.0888134845416591,-0.0543633224236732,0.304647280267262,15.7
"247",71,15,-0.0233420850691527,-0.2500285273468,0.108222853904708,15.71
"248",72,15,0.0351006576349466,-0.133332355972021,0.185028686946307,15.72
"249",73,15,0.0726383020056099,-0.0741127711087027,0.262279447641357,15.73
"250",74,15,0.0689289277723183,-0.0784476626958372,0.251966259562661,15.74
"251",75,15,0.0514054301419392,-0.10457768680542,0.212155102006035,15.75
"252",76,15,0.029974181908172,-0.155297793938956,0.182578420925682,15.76
"253",77,15,-0.000706429498655568,-0.212586200450132,0.134319386010048,15.77
"254",78,15,0.0361597676650412,-0.146356675046632,0.197918387088932,15.78
"255",79,15,0.0660527510027116,-0.0830881933835967,0.241433168454374,15.79
"184",8,15,0.0900280542144969,-0.0521110790078043,0.300228209410745,15.8
"256",80,15,-0.00719314396057329,-0.247425893752547,0.136609558394563,15.8
"257",81,15,0.0470476717202038,-0.121185473398344,0.210684140728461,15.81
"258",82,15,0.0379560796593803,-0.126929902436107,0.18727432611384,15.82
"259",83,15,0.0227617164133208,-0.166014952439561,0.169013102336464,15.83
"260",84,15,0.0521259680410578,-0.112899930627683,0.219430018406345,15.84
"261",85,15,0.0578369129135771,-0.0991617973311773,0.2335921078342,15.85
"262",86,15,0.0533513786434252,-0.101231450841458,0.210853603070949,15.86
"263",87,15,0.0489236857349957,-0.107446914198586,0.205750526389981,15.87
"264",88,15,0.052497436276219,-0.0949676035691916,0.211307009512324,15.88
"185",9,15,0.0347147034641216,-0.128509885262086,0.178714817726841,15.9
"265",1,20,-0.0351722065147383,-0.149238499625419,0.0756183333709648,20.1
"274",10,20,-0.0225651330769753,-0.130431951697586,0.102531367023514,20.1
"275",11,20,-0.0109913703294115,-0.110433543820025,0.128843942303829,20.11
"276",12,20,-0.0259288321169555,-0.140099770418684,0.0987215395500436,20.12
"277",13,20,-0.0241708906992505,-0.133383466522507,0.101339677659941,20.13
"278",14,20,-0.03620532067499,-0.153498011477022,0.0773650600141269,20.14
"279",15,20,-0.0238079912345705,-0.136244495464108,0.105534132755352,20.15
"280",16,20,-0.0316744835499324,-0.147289634636524,0.0874498580095804,20.16
"281",17,20,-0.0114532373452214,-0.112406500385496,0.130318158132386,20.17
"282",18,20,-0.0473181852582336,-0.179925484325614,0.0546804667226915,20.18
"283",19,20,-0.0619813522237519,-0.210903799387978,0.0345887070869707,20.19
"266",2,20,-0.0405858196459981,-0.161610431485361,0.0644665692047781,20.2
"284",20,20,-0.0381858014509232,-0.162248097035204,0.0748701375775889,20.2
"285",21,20,-0.0494623340112185,-0.182612289187618,0.0535803678954976,20.21
"286",22,20,-0.0280419916710788,-0.143392219199155,0.0968961536149512,20.22
"287",23,20,-0.0105828942355149,-0.111377111085929,0.132376414794858,20.23
"288",24,20,-0.0333511947566886,-0.151666691697146,0.0849627400949349,20.24
"289",25,20,-0.0481548246707134,-0.178489623817767,0.0554532540176592,20.25
"290",26,20,-0.00784628749912697,-0.111276365174364,0.144996944030887,20.26
"291",27,20,-0.0472400394576612,-0.186230376414248,0.0624244086961213,20.27
"292",28,20,-0.0239125022674946,-0.135021563649378,0.103193538665155,20.28
"293",29,20,-0.0283645909489135,-0.143287487388452,0.0907754669083212,20.29
"267",3,20,-0.0258632846498623,-0.139547642523264,0.0994072771359042,20.3
"294",30,20,-0.0335385153237176,-0.153212601882801,0.0853734411047363,20.3
"295",31,20,-0.0371144703223476,-0.162714557035546,0.0843160775325435,20.31
"296",32,20,-0.0279829670939071,-0.140990170811958,0.0939684266200365,20.32
"297",33,20,-0.0332271184031488,-0.155744783095001,0.0862218487349107,20.33
"298",34,20,-0.0336319551211469,-0.151518434975282,0.082728252089972,20.34
"299",35,20,-0.040137092337438,-0.171334830726594,0.0721081217753028,20.35
"300",36,20,-0.0161827784784405,-0.121023330251624,0.123661933241062,20.36
"301",37,20,-0.0131056740721908,-0.117442718181478,0.130042859618008,20.37
"302",38,20,-0.0277514095795589,-0.141378813791525,0.0967423934608356,20.38
"303",39,20,-0.0298466062610002,-0.151617484082751,0.093758835331136,20.39
"268",4,20,-0.0436804393820546,-0.182488079468768,0.0702081685914891,20.4
"304",40,20,-0.0334595186186033,-0.149079956349604,0.08117947437795,20.4
"305",41,20,-0.0259432565268833,-0.137101474757912,0.0982106254373018,20.41
"306",42,20,-0.0366771351535986,-0.156960873229348,0.0765422209574766,20.42
"307",43,20,-0.031348556129317,-0.147110798438891,0.0860345988632165,20.43
"308",44,20,-0.0380184955214652,-0.165490040952462,0.0792787176401675,20.44
"309",45,20,-0.0262665549534723,-0.140769213695768,0.0992590917357009,20.45
"310",46,20,-0.0326870014434855,-0.148344361205239,0.0836132228393587,20.46
"311",47,20,-0.0171584182257344,-0.122887253170699,0.120709861733626,20.47
"312",48,20,-0.0352563496433466,-0.151752460747757,0.0788986889090147,20.48
"313",49,20,-0.0316849935562228,-0.14680437589572,0.0875999467858132,20.49
"269",5,20,-0.0543348800928821,-0.199427716616174,0.0473346949893229,20.5
"314",50,20,-0.0459094718720369,-0.183746885713594,0.0624480624692071,20.5
"315",51,20,-0.0569588953205143,-0.204369819055222,0.0449376266166905,20.51
"316",52,20,-0.0421423089814261,-0.168237502185462,0.0620541428759142,20.52
"317",53,20,-0.0431079237501387,-0.168918261227759,0.0636083801316707,20.53
"318",54,20,-0.0434134135173539,-0.177522333416754,0.0661029083469577,20.54
"319",55,20,-0.0222624380493537,-0.133436731853728,0.115509680745564,20.55
"320",56,20,-0.0627774382248423,-0.219184366638685,0.0378960006511503,20.56
"321",57,20,-0.0461136683382239,-0.168383611098638,0.0532864745574438,20.57
"322",58,20,-0.00533900382446949,-0.104487489901868,0.150253869663491,20.58
"323",59,20,-0.0367051704938592,-0.158608134233764,0.0764612258978909,20.59
"270",6,20,-0.0110694797230717,-0.117515385463428,0.133420493135159,20.6
"324",60,20,-0.0386947239273512,-0.164970365914564,0.0752529036132099,20.6
"325",61,20,-0.015593319507413,-0.118088037946792,0.118720038424537,20.61
"326",62,20,-0.0153941516544967,-0.120506277261699,0.126769258755738,20.62
"327",63,20,-0.03376868608091,-0.150841211423609,0.0826131264186145,20.63
"328",64,20,-0.0391183915607653,-0.164414732171412,0.0734592415892775,20.64
"329",65,20,-0.0354362357196945,-0.155012755725377,0.0779192848589983,20.65
"330",66,20,-0.0613148569920027,-0.221513228975652,0.0413105948170557,20.66
"331",67,20,-0.0227436464058097,-0.134181298381095,0.108728382484957,20.67
"332",68,20,-0.0230070741174528,-0.129893383796297,0.100101074066483,20.68
"333",69,20,-0.0220027833505476,-0.131067647495359,0.107547661525106,20.69
"271",7,20,-0.0358283180554811,-0.15523574374605,0.0773660168730632,20.7
"334",70,20,-0.0394855803735683,-0.162904459882371,0.074135862796754,20.7
"335",71,20,-0.021208465080119,-0.128059700380078,0.10896585325829,20.71
"336",72,20,-0.0472407104738483,-0.184765774173388,0.0602214144539816,20.72
"337",73,20,-0.0213017726407177,-0.131593101825791,0.110387228982584,20.73
"338",74,20,-0.0383643704228536,-0.160529581919713,0.0730182820590786,20.74
"339",75,20,-0.0393607690368376,-0.16307320630966,0.0669161979062834,20.75
"340",76,20,-0.0422823992633885,-0.16642579719498,0.0633648969518855,20.76
"341",77,20,-0.0177507405085375,-0.128699528272322,0.119563856781485,20.77
"342",78,20,-0.0363547992128956,-0.156282458221977,0.0790988972811554,20.78
"343",79,20,-0.0440577271197993,-0.177387836546081,0.0684181535137771,20.79
"272",8,20,-0.0198882690832357,-0.12597368190622,0.10552376788673,20.8
"344",80,20,-0.045933536707976,-0.181892804108901,0.0622929433915179,20.8
"345",81,20,-0.0289330829771498,-0.150082258418794,0.101482865674348,20.81
"346",82,20,-0.0417426096422359,-0.171500146633512,0.0664201808426459,20.82
"347",83,20,-0.0612206631479081,-0.218612885901689,0.0392244206060471,20.83
"348",84,20,-0.0312753958248924,-0.149920094847118,0.0876435757082304,20.84
"349",85,20,-0.0293631959189171,-0.149171717234164,0.0967401614840565,20.85
"350",86,20,-0.0174429058373938,-0.121791435565924,0.113169289896283,20.86
"351",87,20,-0.0303342824576228,-0.149880316123182,0.0971516857007758,20.87
"352",88,20,-0.0279555304286363,-0.143970369833152,0.0966704982626599,20.88
"273",9,20,-0.0255853180896775,-0.140606309713559,0.104912551768358,20.9
"353",1,25,-0.0162107403454776,-0.121900987027515,0.0953608469312292,25.1
"362",10,25,-0.0180899264968643,-0.130557911743718,0.0934764238138904,25.1
"363",11,25,-0.00410761218862304,-0.097540944904287,0.119940842522778,25.11
"364",12,25,-0.00998699307771899,-0.111665333434341,0.111985331136425,25.12
"365",13,25,-0.016281606734384,-0.122459153046187,0.0943786492936872,25.13
"366",14,25,-0.0129252650608874,-0.114400658957411,0.0987092558401149,25.14
"367",15,25,-0.0297675339599342,-0.151657096399358,0.0664435646643397,25.15
"368",16,25,-0.00563095892073098,-0.10193289143814,0.118549611985399,25.16
"369",17,25,-0.0111882289795069,-0.111357582092248,0.108824382240922,25.17
"370",18,25,-0.0230804365251913,-0.140673250820866,0.083601289515556,25.18
"371",19,25,-0.0106902171135322,-0.109235102621631,0.101189059675065,25.19
"354",2,25,-0.0325559381227955,-0.159510689309672,0.0620846218281119,25.2
"372",20,25,-0.0199163389840599,-0.131866928452662,0.0851101290170893,25.2
"373",21,25,-0.0203561480228552,-0.1288027022105,0.0827939595432486,25.21
"374",22,25,-0.00679334357076965,-0.103721940554548,0.11884983325205,25.22
"375",23,25,-0.0206700412189487,-0.134458586554698,0.0826501566102952,25.23
"376",24,25,-0.0279757086908408,-0.149626307912569,0.0748884710963836,25.24
"377",25,25,-0.0168137711631662,-0.123444285345207,0.0954231488539685,25.25
"378",26,25,-0.0141030526841991,-0.118810705989024,0.102542179418868,25.26
"379",27,25,0.00630994736954534,-0.080291837962965,0.145153594261163,25.27
"380",28,25,-0.0197847220625433,-0.128811732157308,0.0854976919368278,25.28
"381",29,25,-0.0205923504374605,-0.131916820158983,0.0874101107101691,25.29
"355",3,25,-0.00913334776520501,-0.109741434032678,0.11305405132072,25.3
"382",30,25,0.00243201569255992,-0.0878822446691532,0.136553867243638,25.3
"383",31,25,-0.0141183330242123,-0.120882276178415,0.100874516209189,25.31
"384",32,25,-0.00155391301628708,-0.093672484567759,0.125469930498844,25.32
"385",33,25,-0.016615980798914,-0.128948507000412,0.0994356589242982,25.33
"386",34,25,-0.0132966463973007,-0.116156713434335,0.100804835611241,25.34
"387",35,25,-0.0126483360936433,-0.120515346175217,0.104741277094817,25.35
"388",36,25,-0.00984528349060939,-0.105763043929179,0.105948772488157,25.36
"389",37,25,-0.00340575635889681,-0.0974745347314351,0.125959865052366,25.37
"390",38,25,-0.0119545736785406,-0.116452352144886,0.107419060127528,25.38
"391",39,25,-0.0144557467201236,-0.120801659771134,0.101007720658339,25.39
"356",4,25,-0.0216670612770717,-0.135103651722254,0.0828865477850486,25.4
"392",40,25,-0.0173851588673527,-0.122536911179561,0.0912971356743318,25.4
"393",41,25,-0.024238968217356,-0.135737084790008,0.0741262349058259,25.41
"394",42,25,-0.0130444531808559,-0.114127094863345,0.100792945804515,25.42
"395",43,25,-0.00451934585007284,-0.100220845797686,0.12448422600279,25.43
"396",44,25,-0.00728450621109676,-0.107002575862174,0.115707190154684,25.44
"397",45,25,0.00300038635480648,-0.0897634201149508,0.142941183815468,25.45
"398",46,25,-0.0223589702639801,-0.135053709017425,0.0819269565035887,25.46
"399",47,25,-0.0120508548076488,-0.114680666492999,0.104135935360282,25.47
"400",48,25,-0.0283350702715127,-0.153137483425164,0.0734286094418945,25.48
"401",49,25,-0.00724335503651252,-0.110145913397274,0.121459481857356,25.49
"357",5,25,-0.0278220764576977,-0.149460671985794,0.0714681205634749,25.5
"402",50,25,-0.0197980780070056,-0.134284039259561,0.0923282558670338,25.5
"403",51,25,0.00463054794252627,-0.0837549579806789,0.144273590446221,25.51
"404",52,25,-0.0135698465838875,-0.121367054065958,0.10224018056531,25.52
"405",53,25,-0.0185699757227746,-0.126499012348218,0.0873923935964494,25.53
"406",54,25,-0.0106803923240765,-0.115526330569187,0.111642472182101,25.54
"407",55,25,-0.00821275454949773,-0.108716333304902,0.1158942460468,25.55
"408",56,25,-0.0304794629035784,-0.156454115685275,0.0656071813968111,25.56
"409",57,25,-0.0319655238807884,-0.151555317894992,0.0649392917151766,25.57
"410",58,25,-0.0177745714415968,-0.123637306317243,0.0885833872762824,25.58
"411",59,25,-0.00496527937956307,-0.0996783979368076,0.115532014641235,25.59
"358",6,25,-0.00411179596326682,-0.100438106672865,0.127384894225002,25.6
"412",60,25,-0.00133847697803551,-0.0939242247902446,0.13185688829498,25.6
"413",61,25,-0.0150531123461732,-0.120272192494014,0.0960937093833394,25.61
"414",62,25,-0.0246679668848435,-0.13712088540488,0.074553251599732,25.62
"415",63,25,-0.0447604650017987,-0.192608321360434,0.0461857295065413,25.63
"416",64,25,-0.021774229800516,-0.131794156186598,0.0808571567401971,25.64
"417",65,25,-0.0260877471034196,-0.145459866056656,0.0724793382706933,25.65
"418",66,25,2.93606261285005e-05,-0.0896990774223504,0.127540075320475,25.66
"419",67,25,-0.046841632668467,-0.198795550329177,0.0462640639771817,25.67
"420",68,25,0.00997567313862662,-0.0785171533164117,0.155827547396893,25.68
"421",69,25,-0.00995842834615441,-0.115520298059987,0.113090274760143,25.69
"359",7,25,0.000716977531679993,-0.0942444270750328,0.137182690058445,25.7
"422",70,25,-0.0162434005025375,-0.126979260373635,0.0979782608092203,25.7
"423",71,25,-0.0313323333606751,-0.160275886379762,0.0686756617479258,25.71
"424",72,25,-0.0293656735719433,-0.150043676126874,0.0665839245899868,25.72
"425",73,25,-0.000116690630028077,-0.096154873581781,0.134634626128995,25.73
"426",74,25,-0.0112209459026407,-0.112905092823406,0.105503225383039,25.74
"427",75,25,-0.0157904056913956,-0.118748195119278,0.0909315396354268,25.75
"428",76,25,-0.0534029568205522,-0.212891124542663,0.0365467450051079,25.76
"429",77,25,-0.0223737869425494,-0.141658248291008,0.0864887632001117,25.77
"430",78,25,-0.0210859480410313,-0.13399116538691,0.0837199452601356,25.78
"431",79,25,0.0108045791086219,-0.0776745865708616,0.159999811270299,25.79
"360",8,25,-0.0443144943750361,-0.189687988445671,0.0494743061837583,25.8
"432",80,25,-0.0316690984039048,-0.165628003440146,0.0669231850490322,25.8
"433",81,25,-0.0134966494205799,-0.118361925102142,0.0977459023381312,25.81
"434",82,25,-0.0160484293905756,-0.127588774585781,0.0995221704097502,25.82
"435",83,25,-0.0217322390732194,-0.133247872178898,0.083685011713876,25.83
"436",84,25,-0.00912241913105523,-0.105920250790259,0.109490275131694,25.84
"437",85,25,-0.0219414428670957,-0.142365203723681,0.0895678387102884,25.85
"438",86,25,-0.018395860841477,-0.127923031958856,0.0901019467274111,25.86
"439",87,25,-0.0101863114408902,-0.107400647743154,0.107317239202144,25.87
"440",88,25,-0.0195850928186133,-0.128949934365749,0.0835303556875008,25.88
"361",9,25,-0.0367658794797792,-0.171356404154636,0.0588530653029911,25.9
"441",1,30,0.00286041653759558,-0.124769278166124,0.148666951131837,30.1
"450",10,30,-0.0251181764487048,-0.180258307664336,0.10235157137178,30.1
"451",11,30,-0.0337178151653544,-0.18616809253877,0.0836163640745452,30.11
"452",12,30,0.0158366344869686,-0.104185302033349,0.165267693068733,30.12
"453",13,30,0.00511313907542092,-0.119409671237118,0.146667056383622,30.13
"454",14,30,0.0374207068468965,-0.0792781085999566,0.20301997104319,30.14
"455",15,30,0.0450763429803881,-0.0723560335278283,0.225738362721086,30.15
"456",16,30,-0.00388789678719633,-0.133283562414605,0.128252144374518,30.16
"457",17,30,-0.00678739792587151,-0.140115664203436,0.125224035047097,30.17
"458",18,30,-0.0307494329695693,-0.181197314984054,0.0895773870517819,30.18
"459",19,30,0.0202247000204607,-0.0953850503067079,0.168150029086232,30.19
"442",2,30,-0.0539663784212916,-0.226240149293572,0.0616307367529545,30.2
"460",20,30,-0.0328707492041384,-0.185611294523845,0.0884792675843354,30.2
"461",21,30,0.0137879025205506,-0.110366827591635,0.164730396958903,30.21
"462",22,30,-0.0217200862416422,-0.172295247149234,0.108479986661751,30.22
"463",23,30,0.0423667222423955,-0.0732709877912189,0.224404660276661,30.23
"464",24,30,0.00596723743198378,-0.113469986062755,0.145197921292451,30.24
"465",25,30,0.0295256566158213,-0.0845928599859632,0.187439416154668,30.25
"466",26,30,-0.0116749160244285,-0.142954230985238,0.114935432461745,30.26
"467",27,30,-0.0244305454185093,-0.166424245704337,0.096881759530187,30.27
"468",28,30,-0.0108079186428913,-0.149351216020876,0.12344624758695,30.28
"469",29,30,-0.0100005152293037,-0.145777382247814,0.124354847853557,30.29
"443",3,30,-0.0319004036975409,-0.183656674894234,0.0870907201527894,30.3
"470",30,30,-0.0366831587108977,-0.186544659122001,0.0802102508291943,30.3
"471",31,30,-0.0202561395024597,-0.165815013651008,0.106329517525125,30.31
"472",32,30,0.0175719589925315,-0.102276239746823,0.167791498777727,30.32
"473",33,30,0.0269428275191212,-0.0859265435800735,0.180802634126044,30.33
"474",34,30,-0.00990014311287126,-0.134178120304255,0.110907652478056,30.34
"475",35,30,-0.0111056595951525,-0.138119435131137,0.114337507028581,30.35
"476",36,30,-0.0200470657689236,-0.156268331298079,0.102628787678508,30.36
"477",37,30,-0.00902370130993181,-0.14745167433048,0.128175612365328,30.37
"478",38,30,0.00140281180843209,-0.119130301439465,0.134109495207708,30.38
"479",39,30,-0.0258528991054648,-0.179233189943275,0.0999661596247859,30.39
"444",4,30,0.0156218533576167,-0.10263788996086,0.161397817608441,30.4
"480",40,30,0.00387021784435884,-0.120101058528747,0.145500796686839,30.4
"481",41,30,-0.0175690603858283,-0.158087351428215,0.109737617787699,30.41
"482",42,30,0.0525931564593157,-0.0624290207313803,0.23555023394357,30.42
"483",43,30,0.0177201542056446,-0.108444896242474,0.17933825064829,30.43
"484",44,30,-0.00057000278561129,-0.131589000532914,0.138827065585581,30.44
"485",45,30,-0.00394480156837581,-0.132170283879393,0.133156597539167,30.45
"486",46,30,-0.025680217968419,-0.169147521263279,0.0909415263691612,30.46
"487",47,30,-0.0148376652040816,-0.144031048603568,0.107400417155852,30.47
"488",48,30,-0.0132954738168244,-0.157421398555926,0.120370071598748,30.48
"489",49,30,-0.000895498521100971,-0.131878040275488,0.138129551414925,30.49
"445",5,30,-0.0235101740360292,-0.158799651439099,0.0923889464934589,30.5
"490",50,30,-0.00557417046919764,-0.131901388630492,0.124265934535514,30.5
"491",51,30,-0.0242686767162756,-0.170198826829778,0.0996818704395735,30.51
"492",52,30,0.00776126786381318,-0.114855746715773,0.154178674731519,30.52
"493",53,30,-0.00471431257976403,-0.138346309240087,0.13180959343548,30.53
"494",54,30,-0.0351850804319393,-0.190557284804689,0.0821430899521978,30.54
"495",55,30,-0.0475065772011732,-0.205989243835605,0.0650249765990159,30.55
"496",56,30,-0.0352436138474997,-0.194548171566024,0.083887483730155,30.56
"497",57,30,-0.0121253379302779,-0.152941136503861,0.11846707740145,30.57
"498",58,30,-0.00409591595286883,-0.135371805134545,0.12921436364106,30.58
"499",59,30,0.0259234010535975,-0.0905340348002127,0.185463152143504,30.59
"446",6,30,-0.0150461614775952,-0.148429563350212,0.110533081137289,30.6
"500",60,30,0.0170720236684539,-0.0999364063970075,0.164855775229405,30.6
"501",61,30,-0.0299142133808004,-0.184415006635676,0.0929425594302963,30.61
"502",62,30,-0.0422174571350102,-0.194216068204787,0.0682142409410543,30.62
"503",63,30,-0.0177031862265201,-0.152957363228119,0.108320833464524,30.63
"504",64,30,0.0190374768363008,-0.103109772133064,0.178748800981734,30.64
"505",65,30,0.011420764093854,-0.110714033602096,0.157458635554078,30.65
"506",66,30,-0.000206196480690208,-0.12958619566465,0.143267656183076,30.66
"507",67,30,-0.0231427512935646,-0.158991032209333,0.09386731319049,30.67
"508",68,30,0.0137564730122753,-0.106907912252688,0.163680480210923,30.68
"509",69,30,-0.0377237227223515,-0.19171322009452,0.0808837057864847,30.69
"447",7,30,0.0156686889033572,-0.100371681912906,0.15649481422847,30.7
"510",70,30,-0.00399190833779769,-0.129299722662893,0.123749101462279,30.7
"511",71,30,0.00271555613242136,-0.120142729863737,0.138921109210889,30.71
"512",72,30,0.00472368642208926,-0.114418637993285,0.137329810768929,30.72
"513",73,30,0.0190727757932703,-0.0986647463800553,0.163054129150892,30.73
"514",74,30,-0.022358136723091,-0.168200514909662,0.105630835431537,30.74
"515",75,30,-0.0104028176846447,-0.15024910561541,0.122867473060424,30.75
"516",76,30,-0.0166145769130391,-0.150706001545816,0.10982877353738,30.76
"517",77,30,-0.0118540828307572,-0.153514204931358,0.121260317333889,30.77
"518",78,30,-0.0132952730456235,-0.154187161943554,0.121596856730305,30.78
"519",79,30,0.0110080568799753,-0.107270040423658,0.146588597667762,30.79
"448",8,30,-0.0241793454693783,-0.171081262943911,0.102559860917728,30.8
"520",80,30,-0.00893773944609848,-0.138366119809008,0.120600650569114,30.8
"521",81,30,-0.031626013710562,-0.181587623678368,0.0852899084353126,30.81
"522",82,30,-0.017677688573759,-0.151440428403199,0.104196469397276,30.82
"523",83,30,0.024279281368812,-0.0935422753427403,0.186457795339994,30.83
"524",84,30,0.00194384971110344,-0.124792467963365,0.144033822001987,30.84
"525",85,30,-0.0176146871731184,-0.151275521402785,0.101400281787002,30.85
"526",86,30,0.00214597734208644,-0.129110003819344,0.1478665358219,30.86
"527",87,30,-0.00358900081111447,-0.131571640821671,0.128994944990946,30.87
"528",88,30,-0.0763640363911431,-0.271857650885262,0.0398711634460216,30.88
"449",9,30,-0.0536068938776729,-0.223467231716958,0.0580038035858894,30.9
"529",1,35,-0.0183161077539155,-0.116000557530424,0.0741427815166181,35.1
"538",10,35,-0.0280467476059384,-0.13638710546322,0.0595344066224026,35.1
"539",11,35,-0.0159689735733019,-0.112999628873558,0.0832603594874852,35.11
"540",12,35,0.00514438624894598,-0.0754503623186851,0.126029030774222,35.12
"541",13,35,-0.0274051612036704,-0.136440015099445,0.0615450874027734,35.13
"542",14,35,-0.0153481816499166,-0.109258314786661,0.0813704494830978,35.14
"543",15,35,-0.00863007398879525,-0.0993665300899278,0.0986237175396705,35.15
"544",16,35,0.00295164652451113,-0.0829014498739944,0.126830055672127,35.16
"545",17,35,-0.0215416913810211,-0.12291830917346,0.0682422643760855,35.17
"546",18,35,-0.00724158905738308,-0.0943817369769183,0.099360349957665,35.18
"547",19,35,-0.00962909400150023,-0.100625522657294,0.097296208106811,35.19
"530",2,35,-0.0329158397289957,-0.14788667839028,0.0517968082006533,35.2
"548",20,35,-0.0133480884790851,-0.104812668312193,0.0846230792811505,35.2
"549",21,35,-0.0244041479800748,-0.128809663982886,0.0658748090246652,35.21
"550",22,35,0.0062707317823867,-0.0758086310818972,0.13470754332613,35.22
"551",23,35,-0.0338042495630809,-0.144713954345551,0.0488335194075914,35.23
"552",24,35,-0.0219556539313432,-0.121471354536549,0.0712341377025235,35.24
"553",25,35,0.00909117866889027,-0.073300022372842,0.142342713823517,35.25
"554",26,35,-0.0319934569355003,-0.142687789669598,0.0507088241658499,35.26
"555",27,35,-0.0112652856052461,-0.103142219047964,0.0926473898956547,35.27
"556",28,35,-0.0249269335461816,-0.129042755321357,0.0627956819980674,35.28
"557",29,35,-0.0301690143398773,-0.140734503407783,0.053190065416044,35.29
"531",3,35,-0.00371779765854812,-0.08852295605428,0.104745489772977,35.3
"558",30,35,-0.0196926408670164,-0.11933386040848,0.0724038765573986,35.3
"559",31,35,-0.01187507494852,-0.100721715051641,0.0877290578079549,35.31
"560",32,35,-0.012086596846345,-0.103611969865244,0.0887091999266903,35.32
"561",33,35,-0.0175665092543991,-0.113139787409906,0.0757056043183071,35.33
"562",34,35,-0.0155189874908064,-0.110827533972624,0.0820759728818149,35.34
"563",35,35,-0.0134585106996921,-0.102425964031743,0.0826847628984491,35.35
"564",36,35,-0.012689876847564,-0.102687874550113,0.0863925490371138,35.36
"565",37,35,-0.0270469755612517,-0.136653203844822,0.0619083570933942,35.37
"566",38,35,-0.000264797249873792,-0.0845668430499399,0.114595969577275,35.38
"567",39,35,-0.00184429603305593,-0.0884215459792326,0.117352818224857,35.39
"532",4,35,-0.0220751212075925,-0.120464932997738,0.0673594135785887,35.4
"568",40,35,-0.0374153068406762,-0.156735691549654,0.0440947695916005,35.4
"569",41,35,-0.0212184011374606,-0.118243484537356,0.0687616821947431,35.41
"570",42,35,-0.0275267492982657,-0.138486005302866,0.0610356483937989,35.42
"571",43,35,-0.0214216995080034,-0.122965043248043,0.0707687534973427,35.43
"572",44,35,-0.0129369816680566,-0.105901971772097,0.0885491196534263,35.44
"573",45,35,-0.0145712399853508,-0.107367520763626,0.0837500773882974,35.45
"574",46,35,-0.0209117626852571,-0.120597184575611,0.0730486756716762,35.46
"575",47,35,-0.01570641105522,-0.11104683762791,0.0832773476157493,35.47
"576",48,35,-0.0209843144868489,-0.120333705850411,0.0702211139832823,35.48
"577",49,35,-0.00633988839362861,-0.0935544746182243,0.100498601076383,35.49
"533",5,35,-0.0167718013370005,-0.111480101732644,0.0792679064328877,35.5
"578",50,35,-0.00744452569905767,-0.094549685363911,0.0954651342265348,35.5
"579",51,35,-0.00454419205480393,-0.0893711779824904,0.102258283527642,35.51
"580",52,35,-0.0178149179466583,-0.113455244392746,0.0765672377319444,35.52
"581",53,35,-0.00995717150993371,-0.101745112475041,0.0947313208172279,35.53
"582",54,35,-0.0347183375944186,-0.159788369490651,0.0532164245731396,35.54
"583",55,35,-0.0226227005097537,-0.125313711838771,0.0705673091606484,35.55
"584",56,35,-0.00358943148028002,-0.0914066993283859,0.113001284771889,35.56
"585",57,35,-0.0194855287373922,-0.117090287537734,0.0732908206531778,35.57
"586",58,35,-0.00628343032476462,-0.0916890252135261,0.0969026760543775,35.58
"587",59,35,-0.0192478482529553,-0.117383078426694,0.0737874470408096,35.59
"534",6,35,-0.0113526396528869,-0.0987965953790091,0.0852323348323269,35.6
"588",60,35,-0.0399924141027885,-0.161002336952757,0.0400788923490593,35.6
"589",61,35,-0.00854946141515215,-0.0967540504164809,0.0965105787219174,35.61
"590",62,35,-0.000546506312547989,-0.0839801995824194,0.112588403394903,35.62
"591",63,35,-0.0216053684563746,-0.120834339645057,0.0688043597540543,35.63
"592",64,35,-0.0445089174070596,-0.180314310222868,0.0344644646898053,35.64
"593",65,35,-0.0256648143658949,-0.127894064846271,0.0619591116624742,35.65
"594",66,35,-0.0214145316192832,-0.120283806262682,0.0690196946509583,35.66
"595",67,35,-0.0140636375962393,-0.10900845377015,0.0877603508146276,35.67
"596",68,35,-0.0163872834666788,-0.111323469708214,0.0787987489043154,35.68
"597",69,35,-0.0120107338610727,-0.101711198551127,0.0894560016026828,35.69
"535",7,35,-0.0210945198311291,-0.11936228802482,0.0690949727171507,35.7
"598",70,35,-0.0104732138007379,-0.096269155131377,0.0919960206642463,35.7
"599",71,35,-0.0140599674252479,-0.105008965639319,0.0825798876623545,35.71
"600",72,35,-0.0271363649854685,-0.132414164912055,0.0604191260376315,35.72
"601",73,35,-0.0282974963207361,-0.132142300198168,0.0581725803998369,35.73
"602",74,35,-0.0101742911486736,-0.100349599950232,0.0933083369693183,35.74
"603",75,35,-0.00427293736644061,-0.0900456255887242,0.106810481126434,35.75
"604",76,35,-0.015426620059429,-0.110060306930074,0.081896433559965,35.76
"605",77,35,-0.0168586500960095,-0.115504574804518,0.0783122280601799,35.77
"606",78,35,0.0164265179486313,-0.0626631634862902,0.145338514589093,35.78
"607",79,35,-0.035711292515817,-0.15470203934126,0.0467485667953633,35.79
"536",8,35,-0.0160599996679819,-0.107774976987035,0.0780554396558928,35.8
"608",80,35,-0.0228318138945111,-0.122576451935531,0.0671486986286887,35.8
"609",81,35,-0.0549265754759318,-0.202823825476853,0.0252948490060272,35.81
"610",82,35,-0.0179113209555741,-0.115766020554286,0.0799364476796156,35.82
"611",83,35,-0.0186663941170366,-0.1155541044511,0.0729459785311296,35.83
"612",84,35,-0.0191891464490772,-0.115851190143352,0.07671663568894,35.84
"613",85,35,-0.0120323250025276,-0.103879978844373,0.0873584445843817,35.85
"614",86,35,-0.0189291658976996,-0.112233612449411,0.0709569630458198,35.86
"615",87,35,-0.0184195559659183,-0.113946028097757,0.0730788380439821,35.87
"616",88,35,-0.0132746595834005,-0.106930280936882,0.0889157520064149,35.88
"537",9,35,-0.0205604099682705,-0.122328731040497,0.0719419517296509,35.9
"617",1,40,0.00370656423334212,-0.0988199415348816,0.103100366864685,40.1
"626",10,40,0.0183604234795134,-0.07442429237647,0.138016889700468,40.1
"627",11,40,0.00648343917230821,-0.0905598451376364,0.108130778574879,40.11
"628",12,40,0.0045926873181955,-0.0961871413397172,0.107067811322284,40.12
"629",13,40,0.0144281390347982,-0.0756990048348591,0.124326102990812,40.13
"630",14,40,-0.00152555910975369,-0.104391414025458,0.0933550486415926,40.14
"631",15,40,0.0127822691772727,-0.0827984394001384,0.12402001330396,40.15
"632",16,40,0.00921697341142622,-0.0888476039954276,0.114671306659304,40.16
"633",17,40,-0.00900494715382213,-0.114188572021914,0.0786156180798295,40.17
"634",18,40,0.0193837707600587,-0.072559464932318,0.139533704876597,40.18
"635",19,40,0.0023609368621222,-0.100205036436874,0.101054056457627,40.19
"618",2,40,0.00329292610242307,-0.0957840263479665,0.104411909863572,40.2
"636",20,40,-0.00614518948211328,-0.112333654002121,0.0870033802836066,40.2
"637",21,40,0.0321155355885581,-0.051653468749353,0.163820428353674,40.21
"638",22,40,0.0565115298174969,-0.0290989116070686,0.216852746508817,40.22
"639",23,40,0.00713411102775722,-0.0926632726634048,0.114042903961685,40.23
"640",24,40,-0.0265615416218998,-0.160925955309103,0.0593162854753729,40.24
"641",25,40,0.00341349076643283,-0.094306865591541,0.102302397259491,40.25
"642",26,40,0.00591017617605433,-0.0981160393087417,0.110168969292575,40.26
"643",27,40,0.00736170507514997,-0.0896634426463255,0.1118180113387,40.27
"644",28,40,-0.00832418110528761,-0.124343442354421,0.0863896359287443,40.28
"645",29,40,-0.000776393934123236,-0.110097081212168,0.0974857698596583,40.29
"619",3,40,0.00338409371667757,-0.0985452483128964,0.106287877278075,40.3
"646",30,40,0.00207057645803035,-0.0993757562955855,0.101088578219089,40.3
"647",31,40,-0.00353947626077714,-0.105786362482557,0.0892043788509881,40.31
"648",32,40,-0.0040243497467788,-0.113509014282209,0.0937892108124591,40.32
"649",33,40,-0.00460302401398689,-0.112877982725145,0.0901478442387923,40.33
"650",34,40,-0.00158037998162763,-0.103783388778647,0.0926880298041712,40.34
"651",35,40,-0.00136213550467167,-0.106012327532572,0.0958179748569699,40.35
"652",36,40,0.00975842091052532,-0.0859168991625221,0.113653076078155,40.36
"653",37,40,-0.00586957691416133,-0.11555889045452,0.0907793161161632,40.37
"654",38,40,0.00663426953233887,-0.0906756265694972,0.105651997639318,40.38
"655",39,40,-0.0168860811592287,-0.135276062466285,0.0690432738236918,40.39
"620",4,40,0.00990482146237905,-0.0856156069969691,0.114855614160175,40.4
"656",40,40,-0.0252574927646155,-0.151306871769842,0.057543518587742,40.4
"657",41,40,0.00859931499307752,-0.0869898530718857,0.114202765323022,40.41
"658",42,40,-0.00639650081550064,-0.116586560643345,0.0867950433557581,40.42
"659",43,40,0.00017284122417589,-0.101379095403789,0.0954652329222163,40.43
"660",44,40,-0.0167071412561554,-0.143040983220811,0.0760244348134349,40.44
"661",45,40,-0.0167502273733663,-0.135150661977237,0.069355889446323,40.45
"662",46,40,0.00641427473647604,-0.0892066585191455,0.108407866842603,40.46
"663",47,40,0.0222452857390278,-0.0629105320945535,0.134183411705777,40.47
"664",48,40,-0.00176518843010268,-0.104171583890213,0.0929924227628256,40.48
"665",49,40,0.0197420361910929,-0.0686927588273655,0.13435884102282,40.49
"621",5,40,0.0218509735398672,-0.0631611398467478,0.133925097469697,40.5
"666",50,40,0.0170721403202081,-0.075865110627201,0.130678088902022,40.5
"667",51,40,-0.00247898414001513,-0.110603015298146,0.0891656835627756,40.51
"668",52,40,0.0123726493041551,-0.0782089846420888,0.117133512301178,40.52
"669",53,40,-0.0132505382136876,-0.125264481546731,0.0757772526481178,40.53
"670",54,40,0.013184094364899,-0.0862962426618259,0.127837877830471,40.54
"671",55,40,-0.00157033453749144,-0.103098979706092,0.0893042998540091,40.55
"672",56,40,0.0197503046399944,-0.0727528459620018,0.140483552084847,40.56
"673",57,40,2.54626115951642e-05,-0.106611592969452,0.0974321517579368,40.57
"674",58,40,0.0382705425448173,-0.0459559346405572,0.17651022260881,40.58
"675",59,40,-0.00063126469053947,-0.0978294006085798,0.0905593067544228,40.59
"622",6,40,0.0155673224814772,-0.0727166436093189,0.122651220977181,40.6
"676",60,40,0.016415364915441,-0.078399473991302,0.128892581430279,40.6
"677",61,40,-0.000577490618528722,-0.104835559495725,0.095717243418344,40.61
"678",62,40,0.0171370271740501,-0.0703528244151109,0.125693632721801,40.62
"679",63,40,-0.00237329625359147,-0.106447310966163,0.0928281101779247,40.63
"680",64,40,0.00938715099303866,-0.0848375803473791,0.11539172729633,40.64
"681",65,40,0.00678345135070032,-0.0919625877874413,0.111054180854334,40.65
"682",66,40,0.00920789121715533,-0.0912176641221292,0.118425596207085,40.66
"683",67,40,0.0123799111134968,-0.0800436620103218,0.121595126690714,40.67
"684",68,40,-0.00525936290906193,-0.111996273831685,0.0864223412027846,40.68
"685",69,40,-0.0209343135400951,-0.145926744728393,0.0658282308606338,40.69
"623",7,40,-0.00656118357001633,-0.11810413410948,0.0899220500556991,40.7
"686",70,40,0.00198685854807047,-0.100510963098552,0.102112086594743,40.7
"687",71,40,-0.00401103521897043,-0.115499064801008,0.0938268363038072,40.71
"688",72,40,0.0305486911222378,-0.0553423250829633,0.160438396200246,40.72
"689",73,40,0.0270910656990562,-0.0603610269023752,0.155411332707975,40.73
"690",74,40,0.0130579607361229,-0.0805088774488478,0.121001149694946,40.74
"691",75,40,0.000992054680757383,-0.102174780726084,0.0988977094163363,40.75
"692",76,40,-0.00343377116465835,-0.104857873017735,0.0882863525073672,40.76
"693",77,40,0.0140766723650334,-0.0755266779059673,0.121256577700427,40.77
"694",78,40,0.0157364701865122,-0.0783731191281056,0.12757398908565,40.78
"695",79,40,-0.0244245528049446,-0.153002554116213,0.0603253539854191,40.79
"624",8,40,0.0222773767804275,-0.0652729760703794,0.140999423626594,40.8
"696",80,40,0.010299339611928,-0.0876103118883406,0.117201615242235,40.8
"697",81,40,0.00326168536212912,-0.0965992224200387,0.103232330601127,40.81
"698",82,40,0.00105265225853718,-0.0975257681189454,0.097270159597892,40.82
"699",83,40,0.0100647599898776,-0.0825610013828317,0.110692110470801,40.83
"700",84,40,-0.0187601316489205,-0.137747714774669,0.0668685511474616,40.84
"701",85,40,0.0253755567825026,-0.0621967716365414,0.145547143593458,40.85
"702",86,40,0.0105770087024313,-0.0870666315004813,0.116692114270129,40.86
"703",87,40,-0.00142882228217493,-0.108852329203637,0.0966707298005108,40.87
"704",88,40,0.00151368421027551,-0.100716942232858,0.0998106594130466,40.88
"625",9,40,0.0116288057930013,-0.0796461493190322,0.119017989036102,40.9
