"","species","time_length","phenochange","min","max","rowid","names","names2"
"10",10,5,-0.0100485284367006,-0.365634544992488,0.337178650600587,10,5.1,5.1
"1",1,5,-0.046717898910073,-0.443872106355889,0.300607810409275,1,5.1,5.105
"11",11,5,0.00962460267744796,-0.334414207734729,0.383486250814833,11,5.11,5.11
"12",12,5,0.0198250121968093,-0.260920179980017,0.319664929803195,12,5.12,5.12
"13",13,5,0.0574490577869721,-0.252912049990857,0.428232605661511,13,5.13,5.13
"14",14,5,-0.0597123118656006,-0.435705083150749,0.261125554056496,14,5.14,5.14
"15",15,5,-0.102018924324181,-0.497075941139148,0.187662272786796,15,5.15,5.15
"16",16,5,-0.0193205133195163,-0.395087874339763,0.359871536706025,16,5.16,5.16
"17",17,5,0.0512817342155294,-0.244903996554496,0.414846806997039,17,5.17,5.17
"18",18,5,-0.0254058103397078,-0.311948603439358,0.250896361440165,18,5.18,5.18
"19",19,5,0.0295896160797818,-0.293414793661037,0.393699633989891,19,5.19,5.19
"20",20,5,-0.0398619512679523,-0.430081561629626,0.312052225403312,20,5.2,5.2
"2",2,5,0.0177734554487291,-0.329887512293444,0.410659682149918,2,5.2,5.205
"21",21,5,0.0840413225300104,-0.207380197779025,0.4732158543449,21,5.21,5.21
"22",22,5,0.0547684355559738,-0.251323381487552,0.431398706806875,22,5.22,5.22
"23",23,5,-0.0301150596092813,-0.395405938972728,0.315269262731228,23,5.23,5.23
"24",24,5,-0.0265815690451125,-0.351586518209963,0.277762701968343,24,5.24,5.24
"25",25,5,-0.0329174984847931,-0.397050369401701,0.29992054072039,25,5.25,5.25
"26",26,5,-0.0322878270781164,-0.372603789140548,0.281208666756835,26,5.26,5.26
"27",27,5,-0.00117047683682644,-0.370877785556126,0.380805899016497,27,5.27,5.27
"28",28,5,0.0457884313948647,-0.300385966373565,0.476810929312327,28,5.28,5.28
"29",29,5,-0.0458896850920598,-0.429952343522548,0.298468577227944,29,5.29,5.29
"30",30,5,0.0855342597311038,-0.218413689547132,0.506393955051371,30,5.3,5.3
"3",3,5,0.0537157245393194,-0.259163063966824,0.461538991537676,3,5.3,5.305
"31",31,5,0.0042657169035224,-0.328215303853412,0.35162894901459,31,5.31,5.31
"32",32,5,-0.0108994244430154,-0.387255394425058,0.355867758051848,32,5.32,5.32
"33",33,5,-0.145111468433566,-0.607558480073195,0.152728856799295,33,5.33,5.33
"34",34,5,0.0733381492781572,-0.222370710159445,0.463515461964614,34,5.34,5.34
"35",35,5,-0.0120941051696115,-0.359576818377731,0.335013955268266,35,5.35,5.35
"36",36,5,0.0289517463239182,-0.27955003840224,0.383652504312452,36,5.36,5.36
"37",37,5,0.0195645383614128,-0.321837207040789,0.402713829936841,37,5.37,5.37
"38",38,5,-0.0337191741731706,-0.422742872680411,0.329581882968669,38,5.38,5.38
"39",39,5,0.0024616239287691,-0.361176813914676,0.386460115799907,39,5.39,5.39
"40",40,5,-0.0493785236576637,-0.421340884984778,0.278107118892921,40,5.4,5.4
"4",4,5,-0.0411966928893765,-0.415715422004709,0.305805152546154,4,5.4,5.405
"41",41,5,0.00844012877929072,-0.33064175392568,0.382512969923248,41,5.41,5.41
"42",42,5,0.050844475578447,-0.269500391334048,0.436448263317158,42,5.42,5.42
"43",43,5,-0.00987905792094146,-0.388049613033821,0.371962031151259,43,5.43,5.43
"44",44,5,0.0550107115504009,-0.249286799202809,0.44079743011095,44,5.44,5.44
"45",45,5,-0.0487221448024063,-0.428012649459047,0.284308689604003,45,5.45,5.45
"46",46,5,0.0452739341263668,-0.282372264435134,0.444198000450692,46,5.46,5.46
"47",47,5,0.00489100035132963,-0.345515679923714,0.376672976293998,47,5.47,5.47
"48",48,5,-0.110974972524146,-0.504817249404218,0.17658130439655,48,5.48,5.48
"49",49,5,-0.00179713549497795,-0.317052559782658,0.323448866738817,49,5.49,5.49
"50",50,5,0.037863945057575,-0.301045534019677,0.448466532065149,50,5.5,5.5
"5",5,5,-0.105789311784708,-0.529974743293781,0.204878380976026,5,5.5,5.505
"51",51,5,0.0667545229984279,-0.222054699766926,0.433699251164098,51,5.51,5.51
"52",52,5,0.0144362612720467,-0.283332664799875,0.327384728515557,52,5.52,5.52
"53",53,5,-0.0140908287005895,-0.34284615130445,0.310635069886535,53,5.53,5.53
"54",54,5,-0.017376111904263,-0.361736776380838,0.316744445272394,54,5.54,5.54
"55",55,5,-0.0665746795696306,-0.447994718761437,0.25303349057185,55,5.55,5.55
"56",56,5,-0.0643569666673344,-0.448628140528571,0.250741013563579,56,5.56,5.56
"57",57,5,0.00571579103655599,-0.34842676136087,0.38436210478274,57,5.57,5.57
"58",58,5,-0.0944368421917957,-0.445995874436109,0.174104947371353,58,5.58,5.58
"59",59,5,-0.0617893535340246,-0.435475843544763,0.253311061629751,59,5.59,5.59
"60",60,5,0.0162944320653414,-0.310033756058389,0.374133309456048,60,5.6,5.6
"6",6,5,0.00581819325027026,-0.347389051689658,0.393395669144167,6,5.6,5.605
"61",61,5,0.0433256997645978,-0.282396156197164,0.438374555889503,61,5.61,5.61
"62",62,5,0.0500517474803879,-0.28677564887895,0.465017401942235,62,5.62,5.62
"63",63,5,-0.0500211408956979,-0.431299181889602,0.281884003980822,63,5.63,5.63
"64",64,5,0.105058238851607,-0.210132117670724,0.564992770975935,64,5.64,5.64
"65",65,5,-0.0427661713420301,-0.401661076465527,0.272509092736357,65,5.65,5.65
"66",66,5,-0.0470339278733085,-0.420053571866575,0.290158718375685,66,5.66,5.66
"67",67,5,-0.010749328117955,-0.325853395605147,0.307770168450919,67,5.67,5.67
"68",68,5,-0.0421911572776814,-0.433632760023859,0.294356665008384,68,5.68,5.68
"69",69,5,0.0516374615732076,-0.254492270793258,0.418492576381117,69,5.69,5.69
"70",70,5,0.0426032232529522,-0.28339603860131,0.451624211128775,70,5.7,5.7
"7",7,5,0.111211910638569,-0.155116678579827,0.480504190831327,7,5.7,5.705
"71",71,5,-0.216865000397837,-0.619490910463776,0.0593740589005878,71,5.71,5.71
"72",72,5,-0.0834858975298516,-0.519208885065819,0.243050978991589,72,5.72,5.72
"73",73,5,-0.0563025959912076,-0.412348844140639,0.24563230732574,73,5.73,5.73
"74",74,5,-0.0418339098711587,-0.402728096706145,0.282679475096729,74,5.74,5.74
"75",75,5,-0.0915300070691717,-0.489475461368844,0.209422973296841,75,5.75,5.75
"76",76,5,-0.0113677457062642,-0.370659187661192,0.34880569821023,76,5.76,5.76
"77",77,5,-0.036213205303823,-0.413093707415641,0.304688691315559,77,5.77,5.77
"78",78,5,0.0446766008884289,-0.291986750668928,0.435472935458255,78,5.78,5.78
"79",79,5,-0.000104489263268119,-0.358061082370273,0.388016036550033,79,5.79,5.79
"80",80,5,0.0400051265497761,-0.259405622231063,0.391967760798594,80,5.8,5.8
"8",8,5,0.0185377423960912,-0.300563132478522,0.379572468733103,8,5.8,5.805
"81",81,5,0.0711110751887341,-0.236102685296194,0.473553256871334,81,5.81,5.81
"82",82,5,0.025597482221579,-0.27859443879767,0.372188267816208,82,5.82,5.82
"83",83,5,-0.0472597608676574,-0.428801955970036,0.294546700617745,83,5.83,5.83
"84",84,5,-0.0156960645170248,-0.353989906254863,0.325397747829994,84,5.84,5.84
"85",85,5,-0.0256394853072248,-0.394636923571362,0.317941464577833,85,5.85,5.85
"86",86,5,0.0388406931683534,-0.24694558165737,0.366913802804614,86,5.86,5.86
"87",87,5,0.00301881083329134,-0.326166720392748,0.349628862753892,87,5.87,5.87
"88",88,5,-0.0582357936999428,-0.42045270246323,0.253796849129726,88,5.88,5.88
"9",9,5,-0.0249162075186992,-0.400857153136768,0.337644152189627,9,5.9,5.905
"98",10,10,0.0152461672836773,-0.159868581000479,0.168878209938841,98,10.1,10.1
"89",1,10,0.00428962997306848,-0.192546799070082,0.151421334514222,89,10.1,10.105
"99",11,10,0.0333884946942883,-0.122648962552318,0.20509682290805,99,10.11,10.11
"100",12,10,0.0244294544680907,-0.149392332116335,0.196935283129089,100,10.12,10.12
"101",13,10,-0.00995453341261214,-0.221526907084747,0.127207241549881,101,10.13,10.13
"102",14,10,0.0100841152390264,-0.174258590844968,0.16164297923169,102,10.14,10.14
"103",15,10,0.0319007529140614,-0.133768610203103,0.211212021745868,103,10.15,10.15
"104",16,10,-0.0192552832341659,-0.261559686413601,0.121304391328666,104,10.16,10.16
"105",17,10,0.0253175611011744,-0.138772068337719,0.184590728858081,105,10.17,10.17
"106",18,10,0.0337273704515616,-0.132625451227234,0.220690104640222,106,10.18,10.18
"107",19,10,0.0520937842899184,-0.0925875278837043,0.256875469228444,107,10.19,10.19
"108",20,10,0.0078586545184674,-0.191203782034176,0.167121279127396,108,10.2,10.2
"90",2,10,0.044802295529423,-0.105889957182331,0.235868280985147,90,10.2,10.205
"109",21,10,0.0100501759310122,-0.181444532359843,0.167678964270343,109,10.21,10.21
"110",22,10,0.0248971594515481,-0.146038873076943,0.195162078874099,110,10.22,10.22
"111",23,10,-0.00737926627429754,-0.223775266784683,0.133769794851846,111,10.23,10.23
"112",24,10,0.0189888504673754,-0.164107252077147,0.187022062835351,112,10.24,10.24
"113",25,10,-0.0175091370527455,-0.250245854137155,0.120832540123341,113,10.25,10.25
"114",26,10,0.00902972128635366,-0.178637810905821,0.161432297316813,114,10.26,10.26
"115",27,10,0.020467558197677,-0.160720233449657,0.190189942585565,115,10.27,10.27
"116",28,10,0.0521701863352742,-0.0874314512703452,0.247122718452943,116,10.28,10.28
"117",29,10,0.0161903701405502,-0.164008923223358,0.174794634340918,117,10.29,10.29
"118",30,10,0.0260158896392978,-0.140729152063055,0.194810956788344,118,10.3,10.3
"91",3,10,0.0253439001581551,-0.137709751840468,0.186388166275396,91,10.3,10.305
"119",31,10,0.00654049706312894,-0.183465701801955,0.152542443223914,119,10.31,10.31
"120",32,10,0.0403857224150284,-0.118722091270529,0.230097696838414,120,10.32,10.32
"121",33,10,0.0450492819340677,-0.110635792177049,0.250139988446846,121,10.33,10.33
"122",34,10,0.00310705196314663,-0.200719857668709,0.153514671530103,122,10.34,10.34
"123",35,10,0.0207855354426186,-0.147734666086669,0.180155622176589,123,10.35,10.35
"124",36,10,0.0176151663392322,-0.156656823945482,0.178431111260797,124,10.36,10.36
"125",37,10,0.0139065506308881,-0.169688637560046,0.168000950463299,125,10.37,10.37
"126",38,10,0.0269983303803604,-0.140680913173198,0.193374397559865,126,10.38,10.38
"127",39,10,0.0134612376143767,-0.158446521559837,0.15997738780829,127,10.39,10.39
"128",40,10,0.023426613488987,-0.147504918414843,0.190626264448078,128,10.4,10.4
"92",4,10,0.0281099780887669,-0.133393467912347,0.190811120584999,92,10.4,10.405
"129",41,10,0.0269186795314821,-0.131419733392502,0.191174325878414,129,10.41,10.41
"130",42,10,0.00712384620000659,-0.186109387158722,0.15878693871456,130,10.42,10.42
"131",43,10,0.0330243132923288,-0.127299501209858,0.210166466010297,131,10.43,10.43
"132",44,10,0.0114791432641336,-0.183382563519391,0.170538667615111,132,10.44,10.44
"133",45,10,0.0491916517606171,-0.099399038579961,0.255486756311041,133,10.45,10.45
"134",46,10,0.0434742041263883,-0.108584959550665,0.240384494081202,134,10.46,10.46
"135",47,10,0.0193656317940027,-0.148124665092145,0.171304299075978,135,10.47,10.47
"136",48,10,0.0250642957447132,-0.139910801890216,0.192369587013516,136,10.48,10.48
"137",49,10,0.0337619177413034,-0.131787616834332,0.21804617222222,137,10.49,10.49
"138",50,10,0.0345224551644734,-0.123448149643494,0.213550081470007,138,10.5,10.5
"93",5,10,0.0236764337419172,-0.148558314564944,0.192441980880338,93,10.5,10.505
"139",51,10,0.0445148080975802,-0.108904242802171,0.238525170079422,139,10.51,10.51
"140",52,10,0.0522039046913281,-0.0939536147583549,0.265267863970907,140,10.52,10.52
"141",53,10,0.0105047842221725,-0.172672553303104,0.163527450350841,141,10.53,10.53
"142",54,10,0.031208525980547,-0.134331585824965,0.210096422154705,142,10.54,10.54
"143",55,10,0.0331526048856074,-0.124207585028792,0.209091824098392,143,10.55,10.55
"144",56,10,0.00064345429545357,-0.207672056153819,0.151605033588027,144,10.56,10.56
"145",57,10,0.0323174884815757,-0.132286401447767,0.215105822593955,145,10.57,10.57
"146",58,10,0.0339973024373825,-0.125831104114271,0.217328668606027,146,10.58,10.58
"147",59,10,0.0400545163642111,-0.109918031379673,0.220259232921158,147,10.59,10.59
"148",60,10,0.0268852729808301,-0.144742289056609,0.202299240021621,148,10.6,10.6
"94",6,10,0.06906211448458,-0.0758923414919871,0.319271552686825,94,10.6,10.605
"149",61,10,0.0136204339320026,-0.16844994429487,0.172800765591794,149,10.61,10.61
"150",62,10,0.0276009230269651,-0.13860849801459,0.19857135259585,150,10.62,10.62
"151",63,10,0.0288167698987625,-0.128144861437203,0.20337207059307,151,10.63,10.63
"152",64,10,0.0407816237488612,-0.118770510412117,0.236468382922305,152,10.64,10.64
"153",65,10,0.0328383203178744,-0.136978407335924,0.217630784229573,153,10.65,10.65
"154",66,10,0.0147990014243851,-0.172037659377885,0.180457690143958,154,10.66,10.66
"155",67,10,-0.00483523107462152,-0.212886378452165,0.139517740630719,155,10.67,10.67
"156",68,10,0.0455522644653048,-0.0943781328251542,0.228260040540213,156,10.68,10.68
"157",69,10,0.0358823010027024,-0.114419745948743,0.216734891082948,157,10.69,10.69
"158",70,10,0.022633817040793,-0.156514194185997,0.195444047909067,158,10.7,10.7
"95",7,10,0.0286409035017946,-0.123622251423639,0.187832050269599,95,10.7,10.705
"159",71,10,0.0268455230119014,-0.127667303640891,0.185797268580176,159,10.71,10.71
"160",72,10,0.0164659633036819,-0.161414614034947,0.178063340906656,160,10.72,10.72
"161",73,10,0.0381818292870586,-0.123343782177176,0.235478181976182,161,10.73,10.73
"162",74,10,0.0248085622853624,-0.142144391769339,0.193733720750455,162,10.74,10.74
"163",75,10,0.00575354198316307,-0.176698832070496,0.147251170622687,163,10.75,10.75
"164",76,10,0.0314281683283332,-0.13093971703533,0.210957379905337,164,10.76,10.76
"165",77,10,0.0133530190233469,-0.169651107018967,0.172805931371983,165,10.77,10.77
"166",78,10,0.0341553943160621,-0.126140582314986,0.21688396870414,166,10.78,10.78
"167",79,10,0.0172926680271071,-0.164857758103112,0.184980836578903,167,10.79,10.79
"168",80,10,0.0315162609172378,-0.131864654029252,0.213089798117965,168,10.8,10.8
"96",8,10,0.0264571156233935,-0.128499865426371,0.189209609237094,96,10.8,10.805
"169",81,10,0.0320660280738422,-0.126138163441963,0.208543155711998,169,10.81,10.81
"170",82,10,0.014690563524548,-0.165908436577089,0.172881839931497,170,10.82,10.82
"171",83,10,0.00482314488924732,-0.176122829402241,0.14593306552057,171,10.83,10.83
"172",84,10,0.0272720762379353,-0.126115290953666,0.187531624190877,172,10.84,10.84
"173",85,10,0.0120797526176154,-0.166286423153594,0.159139866202865,173,10.85,10.85
"174",86,10,0.0227949888878166,-0.146899068649032,0.190853559188692,174,10.86,10.86
"175",87,10,0.0117116884617486,-0.17506288722018,0.171264646763346,175,10.87,10.87
"176",88,10,0.0192691393253199,-0.150022523921875,0.1742502289824,176,10.88,10.88
"97",9,10,0.0436378667493653,-0.109211967357782,0.244786649347531,97,10.9,10.905
"186",10,15,0.0590247481602993,-0.0992952998963045,0.237353042678243,186,15.1,15.1
"177",1,15,0.0181026455285553,-0.169863344176917,0.157511635535186,177,15.1,15.105
"187",11,15,0.034817026676574,-0.149405300019105,0.189012128852309,187,15.11,15.11
"188",12,15,0.0438078096150745,-0.122373184767888,0.20055668544745,188,15.12,15.12
"189",13,15,0.0516421945632493,-0.0978666921809237,0.203505302132808,189,15.13,15.13
"190",14,15,0.00861347746939064,-0.189408245154301,0.146068784953849,190,15.14,15.14
"191",15,15,0.0489424269476589,-0.110859030818659,0.212381386197941,191,15.15,15.15
"192",16,15,0.0624473921530374,-0.097928671448215,0.246797894041191,192,15.16,15.16
"193",17,15,0.0706290080999097,-0.0725616602607076,0.243730529117643,193,15.17,15.17
"194",18,15,0.0444383930093451,-0.119252557536226,0.198753423983928,194,15.18,15.18
"195",19,15,0.0714888836960454,-0.0703104429124175,0.251601324113611,195,15.19,15.19
"196",20,15,0.0568995476792434,-0.0931494333797719,0.22234667661979,196,15.2,15.2
"178",2,15,0.0323051443623568,-0.146075409269605,0.183506244316929,178,15.2,15.205
"197",21,15,0.0670109093745054,-0.0727218547095424,0.236742357113648,197,15.21,15.21
"198",22,15,0.0572462702963974,-0.0952291687256873,0.221941104895713,198,15.22,15.22
"199",23,15,0.0739058127061947,-0.065477205180978,0.251546274520994,199,15.23,15.23
"200",24,15,0.0948757568405288,-0.0352515435052525,0.292850197672449,200,15.24,15.24
"201",25,15,0.0374090681329377,-0.142759237434605,0.191504415296965,201,15.25,15.25
"202",26,15,0.053931204281984,-0.100537106451478,0.217495507748584,202,15.26,15.26
"203",27,15,0.0325954089006014,-0.134632855237033,0.174075844201277,203,15.27,15.27
"204",28,15,0.0365137347788459,-0.13861301052083,0.189603342947241,204,15.28,15.28
"205",29,15,0.0618361606256441,-0.0913353107973089,0.232669444758523,205,15.29,15.29
"206",30,15,0.0217069609754592,-0.163841620293946,0.166179457210093,206,15.3,15.3
"179",3,15,0.0740501784633148,-0.0766257987905357,0.269132013111831,179,15.3,15.305
"207",31,15,0.0370245513690988,-0.139227450754768,0.190697213724066,207,15.31,15.31
"208",32,15,0.00691740800834005,-0.204009745170999,0.146017302415368,208,15.32,15.32
"209",33,15,0.037066758912248,-0.137365709480622,0.18879430633563,209,15.33,15.33
"210",34,15,0.0411796640763219,-0.130341115743157,0.200401826782202,210,15.34,15.34
"211",35,15,0.0362939160639446,-0.132304191818126,0.187074920202071,211,15.35,15.35
"212",36,15,0.027672825476397,-0.149434738802721,0.168771609043349,212,15.36,15.36
"213",37,15,0.0284783045682213,-0.157792997716263,0.182041134085785,213,15.37,15.37
"214",38,15,0.061212888626315,-0.0917664262021347,0.238287222681408,214,15.38,15.38
"215",39,15,0.00288913026400439,-0.194956577478189,0.132092935738784,215,15.39,15.39
"216",40,15,0.0539439338896227,-0.105161245240966,0.216513545434155,216,15.4,15.4
"180",4,15,0.0734851998690118,-0.0689781555929094,0.255840484147782,180,15.4,15.405
"217",41,15,0.0527690403178644,-0.104021023112236,0.213161076261096,217,15.41,15.41
"218",42,15,0.0511322432068024,-0.103758063960238,0.213246065102028,218,15.42,15.42
"219",43,15,0.109092565155883,-0.030981575697688,0.345857171690383,219,15.43,15.43
"220",44,15,0.0868730501550807,-0.0570930099064698,0.294908945455738,220,15.44,15.44
"221",45,15,0.0556043951029963,-0.100581980981147,0.221967344159028,221,15.45,15.45
"222",46,15,0.042939387383267,-0.126808388024346,0.20878901255971,222,15.46,15.46
"223",47,15,0.0477761358393984,-0.107534634834255,0.200781823493432,223,15.47,15.47
"224",48,15,0.0626165806455727,-0.0903821371297268,0.242887715341631,224,15.48,15.48
"225",49,15,0.0524479411240623,-0.107655438830668,0.218705666817756,225,15.49,15.49
"226",50,15,0.0967649248614393,-0.0407832759910073,0.315546875549568,226,15.5,15.5
"181",5,15,0.00518856651753224,-0.201391126051304,0.142020975840658,181,15.5,15.505
"227",51,15,0.0496199433951632,-0.113693905952266,0.206476897350232,227,15.51,15.51
"228",52,15,0.0509659810643078,-0.104342478172727,0.207963969580219,228,15.52,15.52
"229",53,15,0.0469590680253389,-0.114638461403244,0.206388174544405,229,15.53,15.53
"230",54,15,0.0398972974759087,-0.124549554722607,0.189670961121002,230,15.54,15.54
"231",55,15,0.0697157368531674,-0.0806911826302533,0.2541168380266,231,15.55,15.55
"232",56,15,0.00383789516444628,-0.198478760805084,0.13959118777636,232,15.56,15.56
"233",57,15,0.0462141833716472,-0.109284599433907,0.198698936049625,233,15.57,15.57
"234",58,15,0.0316181141184785,-0.157322890850699,0.184177956206585,234,15.58,15.58
"235",59,15,0.0395225531598204,-0.122538723429892,0.187655427127589,235,15.59,15.59
"236",60,15,0.0279232032916285,-0.158648792083399,0.176383677986282,236,15.6,15.6
"182",6,15,0.0844077821600201,-0.0520770285629269,0.273930659389691,182,15.6,15.605
"237",61,15,0.0680323123097206,-0.0828746353466274,0.250674710436679,237,15.61,15.61
"238",62,15,0.0543845760645456,-0.10435796499183,0.224537860746332,238,15.62,15.62
"239",63,15,0.0247534578227447,-0.176189118994595,0.178914751994352,239,15.63,15.63
"240",64,15,0.0601744795243014,-0.0924585883135973,0.228891984490667,240,15.64,15.64
"241",65,15,0.0481825108113393,-0.11549763521055,0.217756015667583,241,15.65,15.65
"242",66,15,0.0859039494762107,-0.0549868215169566,0.286410987299751,242,15.66,15.66
"243",67,15,0.0408945663918536,-0.132885175045725,0.197457298955835,243,15.67,15.67
"244",68,15,0.0716284889179722,-0.073128627297802,0.256231580301339,244,15.68,15.68
"245",69,15,0.0291498840624856,-0.133556316669707,0.166020911144809,245,15.69,15.69
"246",70,15,0.0888134845416591,-0.0543633224236732,0.304647280267262,246,15.7,15.7
"183",7,15,0.0608784488849499,-0.0909685760118293,0.230679801964032,183,15.7,15.705
"247",71,15,-0.0233420850691527,-0.2500285273468,0.108222853904708,247,15.71,15.71
"248",72,15,0.0351006576349466,-0.133332355972021,0.185028686946307,248,15.72,15.72
"249",73,15,0.0726383020056099,-0.0741127711087027,0.262279447641357,249,15.73,15.73
"250",74,15,0.0689289277723183,-0.0784476626958372,0.251966259562661,250,15.74,15.74
"251",75,15,0.0514054301419392,-0.10457768680542,0.212155102006035,251,15.75,15.75
"252",76,15,0.029974181908172,-0.155297793938956,0.182578420925682,252,15.76,15.76
"253",77,15,-0.000706429498655568,-0.212586200450132,0.134319386010048,253,15.77,15.77
"254",78,15,0.0361597676650412,-0.146356675046632,0.197918387088932,254,15.78,15.78
"255",79,15,0.0660527510027116,-0.0830881933835967,0.241433168454374,255,15.79,15.79
"256",80,15,-0.00719314396057329,-0.247425893752547,0.136609558394563,256,15.8,15.8
"184",8,15,0.0900280542144969,-0.0521110790078043,0.300228209410745,184,15.8,15.805
"257",81,15,0.0470476717202038,-0.121185473398344,0.210684140728461,257,15.81,15.81
"258",82,15,0.0379560796593803,-0.126929902436107,0.18727432611384,258,15.82,15.82
"259",83,15,0.0227617164133208,-0.166014952439561,0.169013102336464,259,15.83,15.83
"260",84,15,0.0521259680410578,-0.112899930627683,0.219430018406345,260,15.84,15.84
"261",85,15,0.0578369129135771,-0.0991617973311773,0.2335921078342,261,15.85,15.85
"262",86,15,0.0533513786434252,-0.101231450841458,0.210853603070949,262,15.86,15.86
"263",87,15,0.0489236857349957,-0.107446914198586,0.205750526389981,263,15.87,15.87
"264",88,15,0.052497436276219,-0.0949676035691916,0.211307009512324,264,15.88,15.88
"185",9,15,0.0347147034641216,-0.128509885262086,0.178714817726841,185,15.9,15.905
"274",10,20,-0.0225651330769753,-0.130431951697586,0.102531367023514,274,20.1,20.1
"714",10,20,-0.029179407150306,-0.119215702637006,0.0905680567198875,714,20.1,20.1
"265",1,20,-0.0351722065147383,-0.149238499625419,0.0756183333709648,265,20.1,20.105
"705",1,20,-0.0479449785883146,-0.163108749937705,0.0518614922817209,705,20.1,20.105
"275",11,20,-0.0109913703294115,-0.110433543820025,0.128843942303829,275,20.11,20.11
"715",11,20,-0.0561047656039039,-0.174114272186567,0.0289428763629925,715,20.11,20.11
"276",12,20,-0.0259288321169555,-0.140099770418684,0.0987215395500436,276,20.12,20.12
"716",12,20,-0.0541635981782876,-0.172970135461286,0.0363609503714976,716,20.12,20.12
"277",13,20,-0.0241708906992505,-0.133383466522507,0.101339677659941,277,20.13,20.13
"717",13,20,-0.0371911568240289,-0.134124643766449,0.0697522825772926,717,20.13,20.13
"278",14,20,-0.03620532067499,-0.153498011477022,0.0773650600141269,278,20.14,20.14
"718",14,20,-0.0478423769392572,-0.153903382900276,0.044361759960522,718,20.14,20.14
"279",15,20,-0.0238079912345705,-0.136244495464108,0.105534132755352,279,20.15,20.15
"719",15,20,-0.0466268248867373,-0.156097907687928,0.0517135554250444,719,20.15,20.15
"280",16,20,-0.0316744835499324,-0.147289634636524,0.0874498580095804,280,20.16,20.16
"720",16,20,-0.0477876945018129,-0.162112306778364,0.0475613863078146,720,20.16,20.16
"281",17,20,-0.0114532373452214,-0.112406500385496,0.130318158132386,281,20.17,20.17
"721",17,20,-0.0384892439617203,-0.134511314774019,0.0649833173703692,721,20.17,20.17
"282",18,20,-0.0473181852582336,-0.179925484325614,0.0546804667226915,282,20.18,20.18
"722",18,20,-0.0341355914760334,-0.131664860955751,0.0819486766094823,722,20.18,20.18
"283",19,20,-0.0619813522237519,-0.210903799387978,0.0345887070869707,283,20.19,20.19
"723",19,20,-0.037595770651756,-0.138461240678998,0.0677993363211049,723,20.19,20.19
"284",20,20,-0.0381858014509232,-0.162248097035204,0.0748701375775889,284,20.2,20.2
"724",20,20,-0.0494986116459101,-0.16282836941235,0.0453841993430769,724,20.2,20.2
"266",2,20,-0.0405858196459981,-0.161610431485361,0.0644665692047781,266,20.2,20.205
"706",2,20,-0.0496372131710269,-0.162229481076541,0.0422627061655182,706,20.2,20.205
"285",21,20,-0.0494623340112185,-0.182612289187618,0.0535803678954976,285,20.21,20.21
"725",21,20,-0.053366524466551,-0.173982019008243,0.0368396903426814,725,20.21,20.21
"286",22,20,-0.0280419916710788,-0.143392219199155,0.0968961536149512,286,20.22,20.22
"726",22,20,-0.0450074097544023,-0.151136825935825,0.0565759620856148,726,20.22,20.22
"287",23,20,-0.0105828942355149,-0.111377111085929,0.132376414794858,287,20.23,20.23
"727",23,20,-0.0583443151645759,-0.18439953621269,0.0287657676075311,727,20.23,20.23
"288",24,20,-0.0333511947566886,-0.151666691697146,0.0849627400949349,288,20.24,20.24
"728",24,20,-0.0382834025814199,-0.13527502881235,0.0673313384379958,728,20.24,20.24
"289",25,20,-0.0481548246707134,-0.178489623817767,0.0554532540176592,289,20.25,20.25
"729",25,20,-0.0507129932126645,-0.174722976680053,0.0454211195066539,729,20.25,20.25
"290",26,20,-0.00784628749912697,-0.111276365174364,0.144996944030887,290,20.26,20.26
"730",26,20,-0.0541620234622962,-0.175416363241205,0.0356633787368621,730,20.26,20.26
"291",27,20,-0.0472400394576612,-0.186230376414248,0.0624244086961213,291,20.27,20.27
"731",27,20,-0.031634489579088,-0.128079844305708,0.0875369770392907,731,20.27,20.27
"292",28,20,-0.0239125022674946,-0.135021563649378,0.103193538665155,292,20.28,20.28
"732",28,20,-0.0394325511337372,-0.136977021100474,0.0636942229458952,732,20.28,20.28
"293",29,20,-0.0283645909489135,-0.143287487388452,0.0907754669083212,293,20.29,20.29
"733",29,20,-0.0652544238167157,-0.209261021138242,0.022346079513373,733,20.29,20.29
"294",30,20,-0.0335385153237176,-0.153212601882801,0.0853734411047363,294,20.3,20.3
"734",30,20,-0.0298199561342395,-0.12089920201552,0.0905234371064171,734,20.3,20.3
"267",3,20,-0.0258632846498623,-0.139547642523264,0.0994072771359042,267,20.3,20.305
"707",3,20,-0.0474365557326398,-0.157574195419618,0.0488251476329601,707,20.3,20.305
"295",31,20,-0.0371144703223476,-0.162714557035546,0.0843160775325435,295,20.31,20.31
"735",31,20,-0.0552593336528017,-0.180035251704099,0.0377316001435221,735,20.31,20.31
"296",32,20,-0.0279829670939071,-0.140990170811958,0.0939684266200365,296,20.32,20.32
"736",32,20,-0.0432197994267773,-0.151265374601504,0.0605220678806678,736,20.32,20.32
"297",33,20,-0.0332271184031488,-0.155744783095001,0.0862218487349107,297,20.33,20.33
"737",33,20,-0.0490499101823472,-0.16181744533657,0.0450775883368517,737,20.33,20.33
"298",34,20,-0.0336319551211469,-0.151518434975282,0.082728252089972,298,20.34,20.34
"738",34,20,-0.0503513500304637,-0.170856234181701,0.0457501260004231,738,20.34,20.34
"299",35,20,-0.040137092337438,-0.171334830726594,0.0721081217753028,299,20.35,20.35
"739",35,20,-0.0362714255458521,-0.133423645613992,0.0758243446609614,739,20.35,20.35
"300",36,20,-0.0161827784784405,-0.121023330251624,0.123661933241062,300,20.36,20.36
"740",36,20,-0.0494097306263018,-0.160307697998988,0.0440384028874922,740,20.36,20.36
"301",37,20,-0.0131056740721908,-0.117442718181478,0.130042859618008,301,20.37,20.37
"741",37,20,-0.0402311039324672,-0.140493246290322,0.0640696782398003,741,20.37,20.37
"302",38,20,-0.0277514095795589,-0.141378813791525,0.0967423934608356,302,20.38,20.38
"742",38,20,-0.0460973299662356,-0.157440996608563,0.0529019965016585,742,20.38,20.38
"303",39,20,-0.0298466062610002,-0.151617484082751,0.093758835331136,303,20.39,20.39
"743",39,20,-0.0453291596000621,-0.15079422862601,0.0505615614488642,743,20.39,20.39
"304",40,20,-0.0334595186186033,-0.149079956349604,0.08117947437795,304,20.4,20.4
"744",40,20,-0.0444880661265293,-0.14847313725883,0.0523211853831542,744,20.4,20.4
"268",4,20,-0.0436804393820546,-0.182488079468768,0.0702081685914891,268,20.4,20.405
"708",4,20,-0.0427881439816058,-0.150357479681555,0.0554337109877424,708,20.4,20.405
"305",41,20,-0.0259432565268833,-0.137101474757912,0.0982106254373018,305,20.41,20.41
"745",41,20,-0.0467724822646667,-0.16183232571484,0.0536484411938807,745,20.41,20.41
"306",42,20,-0.0366771351535986,-0.156960873229348,0.0765422209574766,306,20.42,20.42
"746",42,20,-0.0349645472831476,-0.132760400848672,0.0774694899850165,746,20.42,20.42
"307",43,20,-0.031348556129317,-0.147110798438891,0.0860345988632165,307,20.43,20.43
"747",43,20,-0.0386717028516685,-0.14191764932545,0.0732277638900372,747,20.43,20.43
"308",44,20,-0.0380184955214652,-0.165490040952462,0.0792787176401675,308,20.44,20.44
"748",44,20,-0.0491555991868764,-0.162207510269244,0.0463534284078045,748,20.44,20.44
"309",45,20,-0.0262665549534723,-0.140769213695768,0.0992590917357009,309,20.45,20.45
"749",45,20,-0.0433972470897579,-0.14483982575787,0.0569813699179173,749,20.45,20.45
"310",46,20,-0.0326870014434855,-0.148344361205239,0.0836132228393587,310,20.46,20.46
"750",46,20,-0.0535386636763046,-0.176501207016882,0.0393127872305442,750,20.46,20.46
"311",47,20,-0.0171584182257344,-0.122887253170699,0.120709861733626,311,20.47,20.47
"751",47,20,-0.043622184727294,-0.154366228822166,0.060316856762977,751,20.47,20.47
"312",48,20,-0.0352563496433466,-0.151752460747757,0.0788986889090147,312,20.48,20.48
"752",48,20,-0.0532572638057017,-0.173458055008297,0.0374199684210134,752,20.48,20.48
"313",49,20,-0.0316849935562228,-0.14680437589572,0.0875999467858132,313,20.49,20.49
"753",49,20,-0.0459310406405525,-0.156518564201839,0.0551345526140183,753,20.49,20.49
"314",50,20,-0.0459094718720369,-0.183746885713594,0.0624480624692071,314,20.5,20.5
"754",50,20,-0.0444728174341141,-0.151380891912776,0.0591817698963699,754,20.5,20.5
"269",5,20,-0.0543348800928821,-0.199427716616174,0.0473346949893229,269,20.5,20.505
"709",5,20,-0.0466633630019861,-0.15209408477465,0.0477732884736833,709,20.5,20.505
"315",51,20,-0.0569588953205143,-0.204369819055222,0.0449376266166905,315,20.51,20.51
"755",51,20,-0.0378638663856034,-0.136151649475944,0.0740391784440424,755,20.51,20.51
"316",52,20,-0.0421423089814261,-0.168237502185462,0.0620541428759142,316,20.52,20.52
"756",52,20,-0.0482744842777954,-0.157466961317997,0.0457462324192979,756,20.52,20.52
"317",53,20,-0.0431079237501387,-0.168918261227759,0.0636083801316707,317,20.53,20.53
"757",53,20,-0.0446475327403721,-0.150764587616586,0.0554086228465743,757,20.53,20.53
"318",54,20,-0.0434134135173539,-0.177522333416754,0.0661029083469577,318,20.54,20.54
"758",54,20,-0.0197507496092113,-0.106497776748818,0.113676893229283,758,20.54,20.54
"319",55,20,-0.0222624380493537,-0.133436731853728,0.115509680745564,319,20.55,20.55
"759",55,20,-0.0424839699147557,-0.145080766497581,0.0620181348690879,759,20.55,20.55
"320",56,20,-0.0627774382248423,-0.219184366638685,0.0378960006511503,320,20.56,20.56
"760",56,20,-0.0435249901572932,-0.151221079538408,0.0602815725987812,760,20.56,20.56
"321",57,20,-0.0461136683382239,-0.168383611098638,0.0532864745574438,321,20.57,20.57
"761",57,20,-0.053573551392029,-0.172269470284169,0.0371869233122288,761,20.57,20.57
"322",58,20,-0.00533900382446949,-0.104487489901868,0.150253869663491,322,20.58,20.58
"762",58,20,-0.0580047339687709,-0.184722279108003,0.0304862686742754,762,20.58,20.58
"323",59,20,-0.0367051704938592,-0.158608134233764,0.0764612258978909,323,20.59,20.59
"763",59,20,-0.0381472149117597,-0.134510611141923,0.067146683837875,763,20.59,20.59
"324",60,20,-0.0386947239273512,-0.164970365914564,0.0752529036132099,324,20.6,20.6
"764",60,20,-0.0388934907899244,-0.137382530600085,0.0657932806787839,764,20.6,20.6
"270",6,20,-0.0110694797230717,-0.117515385463428,0.133420493135159,270,20.6,20.605
"710",6,20,-0.0464038680835013,-0.155737368711686,0.0508181468689461,710,20.6,20.605
"325",61,20,-0.015593319507413,-0.118088037946792,0.118720038424537,325,20.61,20.61
"765",61,20,-0.0635487394429663,-0.200312918825186,0.0217364779856516,765,20.61,20.61
"326",62,20,-0.0153941516544967,-0.120506277261699,0.126769258755738,326,20.62,20.62
"766",62,20,-0.0554428084051139,-0.177573968244819,0.0323176010756931,766,20.62,20.62
"327",63,20,-0.03376868608091,-0.150841211423609,0.0826131264186145,327,20.63,20.63
"767",63,20,-0.0226751777868037,-0.109245101888628,0.108595076259327,767,20.63,20.63
"328",64,20,-0.0391183915607653,-0.164414732171412,0.0734592415892775,328,20.64,20.64
"768",64,20,-0.0478454528476577,-0.156411289783809,0.049632531504019,768,20.64,20.64
"329",65,20,-0.0354362357196945,-0.155012755725377,0.0779192848589983,329,20.65,20.65
"769",65,20,-0.0340675508434797,-0.129873202334,0.0793438008818986,769,20.65,20.65
"330",66,20,-0.0613148569920027,-0.221513228975652,0.0413105948170557,330,20.66,20.66
"770",66,20,-0.0340912827334475,-0.125658627885676,0.0756444259227245,770,20.66,20.66
"331",67,20,-0.0227436464058097,-0.134181298381095,0.108728382484957,331,20.67,20.67
"771",67,20,-0.031791748509223,-0.127109901002637,0.0911089387686765,771,20.67,20.67
"332",68,20,-0.0230070741174528,-0.129893383796297,0.100101074066483,332,20.68,20.68
"772",68,20,-0.0422864468152848,-0.147812793172642,0.0577901062441592,772,20.68,20.68
"333",69,20,-0.0220027833505476,-0.131067647495359,0.107547661525106,333,20.69,20.69
"773",69,20,-0.0303266037437025,-0.127339704065569,0.0918699986848426,773,20.69,20.69
"334",70,20,-0.0394855803735683,-0.162904459882371,0.074135862796754,334,20.7,20.7
"774",70,20,-0.0351782971962396,-0.135451326113319,0.0811572210268532,774,20.7,20.7
"271",7,20,-0.0358283180554811,-0.15523574374605,0.0773660168730632,271,20.7,20.705
"711",7,20,-0.0369812004622367,-0.131028702634152,0.0679079713514091,711,20.7,20.705
"335",71,20,-0.021208465080119,-0.128059700380078,0.10896585325829,335,20.71,20.71
"775",71,20,-0.0347478197146355,-0.130136271696877,0.0791209689653466,775,20.71,20.71
"336",72,20,-0.0472407104738483,-0.184765774173388,0.0602214144539816,336,20.72,20.72
"776",72,20,-0.0502429760642937,-0.172593949733123,0.0491937019294278,776,20.72,20.72
"337",73,20,-0.0213017726407177,-0.131593101825791,0.110387228982584,337,20.73,20.73
"777",73,20,-0.0414153986575835,-0.143082000329074,0.0588588897955209,777,20.73,20.73
"338",74,20,-0.0383643704228536,-0.160529581919713,0.0730182820590786,338,20.74,20.74
"778",74,20,-0.0442015696133811,-0.153198554493117,0.0540918198096003,778,20.74,20.74
"339",75,20,-0.0393607690368376,-0.16307320630966,0.0669161979062834,339,20.75,20.75
"779",75,20,-0.0507810795973969,-0.163695981464926,0.0392235223352099,779,20.75,20.75
"340",76,20,-0.0422823992633885,-0.16642579719498,0.0633648969518855,340,20.76,20.76
"780",76,20,-0.0453127528584721,-0.151568187685522,0.0512510389533462,780,20.76,20.76
"341",77,20,-0.0177507405085375,-0.128699528272322,0.119563856781485,341,20.77,20.77
"781",77,20,-0.0393591374106241,-0.142120541965969,0.0678532349562559,781,20.77,20.77
"342",78,20,-0.0363547992128956,-0.156282458221977,0.0790988972811554,342,20.78,20.78
"782",78,20,-0.0439596205522876,-0.150812235060603,0.0572823556544293,782,20.78,20.78
"343",79,20,-0.0440577271197993,-0.177387836546081,0.0684181535137771,343,20.79,20.79
"783",79,20,-0.0524587699073474,-0.172916589335737,0.0400991129331793,783,20.79,20.79
"344",80,20,-0.045933536707976,-0.181892804108901,0.0622929433915179,344,20.8,20.8
"784",80,20,-0.0499403704637835,-0.164401003174044,0.0422727854802291,784,20.8,20.8
"272",8,20,-0.0198882690832357,-0.12597368190622,0.10552376788673,272,20.8,20.805
"712",8,20,-0.039936922150567,-0.143687022534241,0.0661996553713826,712,20.8,20.805
"345",81,20,-0.0289330829771498,-0.150082258418794,0.101482865674348,345,20.81,20.81
"785",81,20,-0.035658302209602,-0.134498475010955,0.0769024077028579,785,20.81,20.81
"346",82,20,-0.0417426096422359,-0.171500146633512,0.0664201808426459,346,20.82,20.82
"786",82,20,-0.0325387476954201,-0.127574116665422,0.0839767079438869,786,20.82,20.82
"347",83,20,-0.0612206631479081,-0.218612885901689,0.0392244206060471,347,20.83,20.83
"787",83,20,-0.0252294271986879,-0.117164898180045,0.106964435048963,787,20.83,20.83
"348",84,20,-0.0312753958248924,-0.149920094847118,0.0876435757082304,348,20.84,20.84
"788",84,20,-0.0292779924036849,-0.119313624130925,0.0897913896709533,788,20.84,20.84
"349",85,20,-0.0293631959189171,-0.149171717234164,0.0967401614840565,349,20.85,20.85
"789",85,20,-0.0355394450858086,-0.13076052804073,0.0725831505932828,789,20.85,20.85
"350",86,20,-0.0174429058373938,-0.121791435565924,0.113169289896283,350,20.86,20.86
"790",86,20,-0.0330909349655318,-0.13152876566572,0.0854936163644533,790,20.86,20.86
"351",87,20,-0.0303342824576228,-0.149880316123182,0.0971516857007758,351,20.87,20.87
"791",87,20,-0.0285981501840399,-0.11737429326095,0.0924925998245079,791,20.87,20.87
"352",88,20,-0.0279555304286363,-0.143970369833152,0.0966704982626599,352,20.88,20.88
"792",88,20,-0.0578041181824059,-0.18917966848349,0.0327702024267602,792,20.88,20.88
"273",9,20,-0.0255853180896775,-0.140606309713559,0.104912551768358,273,20.9,20.905
"713",9,20,-0.0481017631017989,-0.157931371622368,0.0455424056143742,713,20.9,20.905
"362",10,25,-0.0180899264968643,-0.130557911743718,0.0934764238138904,362,25.1,25.1
"353",1,25,-0.0162107403454776,-0.121900987027515,0.0953608469312292,353,25.1,25.105
"363",11,25,-0.00410761218862304,-0.097540944904287,0.119940842522778,363,25.11,25.11
"364",12,25,-0.00998699307771899,-0.111665333434341,0.111985331136425,364,25.12,25.12
"365",13,25,-0.016281606734384,-0.122459153046187,0.0943786492936872,365,25.13,25.13
"366",14,25,-0.0129252650608874,-0.114400658957411,0.0987092558401149,366,25.14,25.14
"367",15,25,-0.0297675339599342,-0.151657096399358,0.0664435646643397,367,25.15,25.15
"368",16,25,-0.00563095892073098,-0.10193289143814,0.118549611985399,368,25.16,25.16
"369",17,25,-0.0111882289795069,-0.111357582092248,0.108824382240922,369,25.17,25.17
"370",18,25,-0.0230804365251913,-0.140673250820866,0.083601289515556,370,25.18,25.18
"371",19,25,-0.0106902171135322,-0.109235102621631,0.101189059675065,371,25.19,25.19
"372",20,25,-0.0199163389840599,-0.131866928452662,0.0851101290170893,372,25.2,25.2
"354",2,25,-0.0325559381227955,-0.159510689309672,0.0620846218281119,354,25.2,25.205
"373",21,25,-0.0203561480228552,-0.1288027022105,0.0827939595432486,373,25.21,25.21
"374",22,25,-0.00679334357076965,-0.103721940554548,0.11884983325205,374,25.22,25.22
"375",23,25,-0.0206700412189487,-0.134458586554698,0.0826501566102952,375,25.23,25.23
"376",24,25,-0.0279757086908408,-0.149626307912569,0.0748884710963836,376,25.24,25.24
"377",25,25,-0.0168137711631662,-0.123444285345207,0.0954231488539685,377,25.25,25.25
"378",26,25,-0.0141030526841991,-0.118810705989024,0.102542179418868,378,25.26,25.26
"379",27,25,0.00630994736954534,-0.080291837962965,0.145153594261163,379,25.27,25.27
"380",28,25,-0.0197847220625433,-0.128811732157308,0.0854976919368278,380,25.28,25.28
"381",29,25,-0.0205923504374605,-0.131916820158983,0.0874101107101691,381,25.29,25.29
"382",30,25,0.00243201569255992,-0.0878822446691532,0.136553867243638,382,25.3,25.3
"355",3,25,-0.00913334776520501,-0.109741434032678,0.11305405132072,355,25.3,25.305
"383",31,25,-0.0141183330242123,-0.120882276178415,0.100874516209189,383,25.31,25.31
"384",32,25,-0.00155391301628708,-0.093672484567759,0.125469930498844,384,25.32,25.32
"385",33,25,-0.016615980798914,-0.128948507000412,0.0994356589242982,385,25.33,25.33
"386",34,25,-0.0132966463973007,-0.116156713434335,0.100804835611241,386,25.34,25.34
"387",35,25,-0.0126483360936433,-0.120515346175217,0.104741277094817,387,25.35,25.35
"388",36,25,-0.00984528349060939,-0.105763043929179,0.105948772488157,388,25.36,25.36
"389",37,25,-0.00340575635889681,-0.0974745347314351,0.125959865052366,389,25.37,25.37
"390",38,25,-0.0119545736785406,-0.116452352144886,0.107419060127528,390,25.38,25.38
"391",39,25,-0.0144557467201236,-0.120801659771134,0.101007720658339,391,25.39,25.39
"392",40,25,-0.0173851588673527,-0.122536911179561,0.0912971356743318,392,25.4,25.4
"356",4,25,-0.0216670612770717,-0.135103651722254,0.0828865477850486,356,25.4,25.405
"393",41,25,-0.024238968217356,-0.135737084790008,0.0741262349058259,393,25.41,25.41
"394",42,25,-0.0130444531808559,-0.114127094863345,0.100792945804515,394,25.42,25.42
"395",43,25,-0.00451934585007284,-0.100220845797686,0.12448422600279,395,25.43,25.43
"396",44,25,-0.00728450621109676,-0.107002575862174,0.115707190154684,396,25.44,25.44
"397",45,25,0.00300038635480648,-0.0897634201149508,0.142941183815468,397,25.45,25.45
"398",46,25,-0.0223589702639801,-0.135053709017425,0.0819269565035887,398,25.46,25.46
"399",47,25,-0.0120508548076488,-0.114680666492999,0.104135935360282,399,25.47,25.47
"400",48,25,-0.0283350702715127,-0.153137483425164,0.0734286094418945,400,25.48,25.48
"401",49,25,-0.00724335503651252,-0.110145913397274,0.121459481857356,401,25.49,25.49
"402",50,25,-0.0197980780070056,-0.134284039259561,0.0923282558670338,402,25.5,25.5
"357",5,25,-0.0278220764576977,-0.149460671985794,0.0714681205634749,357,25.5,25.505
"403",51,25,0.00463054794252627,-0.0837549579806789,0.144273590446221,403,25.51,25.51
"404",52,25,-0.0135698465838875,-0.121367054065958,0.10224018056531,404,25.52,25.52
"405",53,25,-0.0185699757227746,-0.126499012348218,0.0873923935964494,405,25.53,25.53
"406",54,25,-0.0106803923240765,-0.115526330569187,0.111642472182101,406,25.54,25.54
"407",55,25,-0.00821275454949773,-0.108716333304902,0.1158942460468,407,25.55,25.55
"408",56,25,-0.0304794629035784,-0.156454115685275,0.0656071813968111,408,25.56,25.56
"409",57,25,-0.0319655238807884,-0.151555317894992,0.0649392917151766,409,25.57,25.57
"410",58,25,-0.0177745714415968,-0.123637306317243,0.0885833872762824,410,25.58,25.58
"411",59,25,-0.00496527937956307,-0.0996783979368076,0.115532014641235,411,25.59,25.59
"412",60,25,-0.00133847697803551,-0.0939242247902446,0.13185688829498,412,25.6,25.6
"358",6,25,-0.00411179596326682,-0.100438106672865,0.127384894225002,358,25.6,25.605
"413",61,25,-0.0150531123461732,-0.120272192494014,0.0960937093833394,413,25.61,25.61
"414",62,25,-0.0246679668848435,-0.13712088540488,0.074553251599732,414,25.62,25.62
"415",63,25,-0.0447604650017987,-0.192608321360434,0.0461857295065413,415,25.63,25.63
"416",64,25,-0.021774229800516,-0.131794156186598,0.0808571567401971,416,25.64,25.64
"417",65,25,-0.0260877471034196,-0.145459866056656,0.0724793382706933,417,25.65,25.65
"418",66,25,2.93606261285005e-05,-0.0896990774223504,0.127540075320475,418,25.66,25.66
"419",67,25,-0.046841632668467,-0.198795550329177,0.0462640639771817,419,25.67,25.67
"420",68,25,0.00997567313862662,-0.0785171533164117,0.155827547396893,420,25.68,25.68
"421",69,25,-0.00995842834615441,-0.115520298059987,0.113090274760143,421,25.69,25.69
"422",70,25,-0.0162434005025375,-0.126979260373635,0.0979782608092203,422,25.7,25.7
"359",7,25,0.000716977531679993,-0.0942444270750328,0.137182690058445,359,25.7,25.705
"423",71,25,-0.0313323333606751,-0.160275886379762,0.0686756617479258,423,25.71,25.71
"424",72,25,-0.0293656735719433,-0.150043676126874,0.0665839245899868,424,25.72,25.72
"425",73,25,-0.000116690630028077,-0.096154873581781,0.134634626128995,425,25.73,25.73
"426",74,25,-0.0112209459026407,-0.112905092823406,0.105503225383039,426,25.74,25.74
"427",75,25,-0.0157904056913956,-0.118748195119278,0.0909315396354268,427,25.75,25.75
"428",76,25,-0.0534029568205522,-0.212891124542663,0.0365467450051079,428,25.76,25.76
"429",77,25,-0.0223737869425494,-0.141658248291008,0.0864887632001117,429,25.77,25.77
"430",78,25,-0.0210859480410313,-0.13399116538691,0.0837199452601356,430,25.78,25.78
"431",79,25,0.0108045791086219,-0.0776745865708616,0.159999811270299,431,25.79,25.79
"432",80,25,-0.0316690984039048,-0.165628003440146,0.0669231850490322,432,25.8,25.8
"360",8,25,-0.0443144943750361,-0.189687988445671,0.0494743061837583,360,25.8,25.805
"433",81,25,-0.0134966494205799,-0.118361925102142,0.0977459023381312,433,25.81,25.81
"434",82,25,-0.0160484293905756,-0.127588774585781,0.0995221704097502,434,25.82,25.82
"435",83,25,-0.0217322390732194,-0.133247872178898,0.083685011713876,435,25.83,25.83
"436",84,25,-0.00912241913105523,-0.105920250790259,0.109490275131694,436,25.84,25.84
"437",85,25,-0.0219414428670957,-0.142365203723681,0.0895678387102884,437,25.85,25.85
"438",86,25,-0.018395860841477,-0.127923031958856,0.0901019467274111,438,25.86,25.86
"439",87,25,-0.0101863114408902,-0.107400647743154,0.107317239202144,439,25.87,25.87
"440",88,25,-0.0195850928186133,-0.128949934365749,0.0835303556875008,440,25.88,25.88
"361",9,25,-0.0367658794797792,-0.171356404154636,0.0588530653029911,361,25.9,25.905
"450",10,30,-0.0251181764487048,-0.180258307664336,0.10235157137178,450,30.1,30.1
"441",1,30,0.00286041653759558,-0.124769278166124,0.148666951131837,441,30.1,30.105
"451",11,30,-0.0337178151653544,-0.18616809253877,0.0836163640745452,451,30.11,30.11
"452",12,30,0.0158366344869686,-0.104185302033349,0.165267693068733,452,30.12,30.12
"453",13,30,0.00511313907542092,-0.119409671237118,0.146667056383622,453,30.13,30.13
"454",14,30,0.0374207068468965,-0.0792781085999566,0.20301997104319,454,30.14,30.14
"455",15,30,0.0450763429803881,-0.0723560335278283,0.225738362721086,455,30.15,30.15
"456",16,30,-0.00388789678719633,-0.133283562414605,0.128252144374518,456,30.16,30.16
"457",17,30,-0.00678739792587151,-0.140115664203436,0.125224035047097,457,30.17,30.17
"458",18,30,-0.0307494329695693,-0.181197314984054,0.0895773870517819,458,30.18,30.18
"459",19,30,0.0202247000204607,-0.0953850503067079,0.168150029086232,459,30.19,30.19
"460",20,30,-0.0328707492041384,-0.185611294523845,0.0884792675843354,460,30.2,30.2
"442",2,30,-0.0539663784212916,-0.226240149293572,0.0616307367529545,442,30.2,30.205
"461",21,30,0.0137879025205506,-0.110366827591635,0.164730396958903,461,30.21,30.21
"462",22,30,-0.0217200862416422,-0.172295247149234,0.108479986661751,462,30.22,30.22
"463",23,30,0.0423667222423955,-0.0732709877912189,0.224404660276661,463,30.23,30.23
"464",24,30,0.00596723743198378,-0.113469986062755,0.145197921292451,464,30.24,30.24
"465",25,30,0.0295256566158213,-0.0845928599859632,0.187439416154668,465,30.25,30.25
"466",26,30,-0.0116749160244285,-0.142954230985238,0.114935432461745,466,30.26,30.26
"467",27,30,-0.0244305454185093,-0.166424245704337,0.096881759530187,467,30.27,30.27
"468",28,30,-0.0108079186428913,-0.149351216020876,0.12344624758695,468,30.28,30.28
"469",29,30,-0.0100005152293037,-0.145777382247814,0.124354847853557,469,30.29,30.29
"470",30,30,-0.0366831587108977,-0.186544659122001,0.0802102508291943,470,30.3,30.3
"443",3,30,-0.0319004036975409,-0.183656674894234,0.0870907201527894,443,30.3,30.305
"471",31,30,-0.0202561395024597,-0.165815013651008,0.106329517525125,471,30.31,30.31
"472",32,30,0.0175719589925315,-0.102276239746823,0.167791498777727,472,30.32,30.32
"473",33,30,0.0269428275191212,-0.0859265435800735,0.180802634126044,473,30.33,30.33
"474",34,30,-0.00990014311287126,-0.134178120304255,0.110907652478056,474,30.34,30.34
"475",35,30,-0.0111056595951525,-0.138119435131137,0.114337507028581,475,30.35,30.35
"476",36,30,-0.0200470657689236,-0.156268331298079,0.102628787678508,476,30.36,30.36
"477",37,30,-0.00902370130993181,-0.14745167433048,0.128175612365328,477,30.37,30.37
"478",38,30,0.00140281180843209,-0.119130301439465,0.134109495207708,478,30.38,30.38
"479",39,30,-0.0258528991054648,-0.179233189943275,0.0999661596247859,479,30.39,30.39
"480",40,30,0.00387021784435884,-0.120101058528747,0.145500796686839,480,30.4,30.4
"444",4,30,0.0156218533576167,-0.10263788996086,0.161397817608441,444,30.4,30.405
"481",41,30,-0.0175690603858283,-0.158087351428215,0.109737617787699,481,30.41,30.41
"482",42,30,0.0525931564593157,-0.0624290207313803,0.23555023394357,482,30.42,30.42
"483",43,30,0.0177201542056446,-0.108444896242474,0.17933825064829,483,30.43,30.43
"484",44,30,-0.00057000278561129,-0.131589000532914,0.138827065585581,484,30.44,30.44
"485",45,30,-0.00394480156837581,-0.132170283879393,0.133156597539167,485,30.45,30.45
"486",46,30,-0.025680217968419,-0.169147521263279,0.0909415263691612,486,30.46,30.46
"487",47,30,-0.0148376652040816,-0.144031048603568,0.107400417155852,487,30.47,30.47
"488",48,30,-0.0132954738168244,-0.157421398555926,0.120370071598748,488,30.48,30.48
"489",49,30,-0.000895498521100971,-0.131878040275488,0.138129551414925,489,30.49,30.49
"490",50,30,-0.00557417046919764,-0.131901388630492,0.124265934535514,490,30.5,30.5
"445",5,30,-0.0235101740360292,-0.158799651439099,0.0923889464934589,445,30.5,30.505
"491",51,30,-0.0242686767162756,-0.170198826829778,0.0996818704395735,491,30.51,30.51
"492",52,30,0.00776126786381318,-0.114855746715773,0.154178674731519,492,30.52,30.52
"493",53,30,-0.00471431257976403,-0.138346309240087,0.13180959343548,493,30.53,30.53
"494",54,30,-0.0351850804319393,-0.190557284804689,0.0821430899521978,494,30.54,30.54
"495",55,30,-0.0475065772011732,-0.205989243835605,0.0650249765990159,495,30.55,30.55
"496",56,30,-0.0352436138474997,-0.194548171566024,0.083887483730155,496,30.56,30.56
"497",57,30,-0.0121253379302779,-0.152941136503861,0.11846707740145,497,30.57,30.57
"498",58,30,-0.00409591595286883,-0.135371805134545,0.12921436364106,498,30.58,30.58
"499",59,30,0.0259234010535975,-0.0905340348002127,0.185463152143504,499,30.59,30.59
"500",60,30,0.0170720236684539,-0.0999364063970075,0.164855775229405,500,30.6,30.6
"446",6,30,-0.0150461614775952,-0.148429563350212,0.110533081137289,446,30.6,30.605
"501",61,30,-0.0299142133808004,-0.184415006635676,0.0929425594302963,501,30.61,30.61
"502",62,30,-0.0422174571350102,-0.194216068204787,0.0682142409410543,502,30.62,30.62
"503",63,30,-0.0177031862265201,-0.152957363228119,0.108320833464524,503,30.63,30.63
"504",64,30,0.0190374768363008,-0.103109772133064,0.178748800981734,504,30.64,30.64
"505",65,30,0.011420764093854,-0.110714033602096,0.157458635554078,505,30.65,30.65
"506",66,30,-0.000206196480690208,-0.12958619566465,0.143267656183076,506,30.66,30.66
"507",67,30,-0.0231427512935646,-0.158991032209333,0.09386731319049,507,30.67,30.67
"508",68,30,0.0137564730122753,-0.106907912252688,0.163680480210923,508,30.68,30.68
"509",69,30,-0.0377237227223515,-0.19171322009452,0.0808837057864847,509,30.69,30.69
"510",70,30,-0.00399190833779769,-0.129299722662893,0.123749101462279,510,30.7,30.7
"447",7,30,0.0156686889033572,-0.100371681912906,0.15649481422847,447,30.7,30.705
"511",71,30,0.00271555613242136,-0.120142729863737,0.138921109210889,511,30.71,30.71
"512",72,30,0.00472368642208926,-0.114418637993285,0.137329810768929,512,30.72,30.72
"513",73,30,0.0190727757932703,-0.0986647463800553,0.163054129150892,513,30.73,30.73
"514",74,30,-0.022358136723091,-0.168200514909662,0.105630835431537,514,30.74,30.74
"515",75,30,-0.0104028176846447,-0.15024910561541,0.122867473060424,515,30.75,30.75
"516",76,30,-0.0166145769130391,-0.150706001545816,0.10982877353738,516,30.76,30.76
"517",77,30,-0.0118540828307572,-0.153514204931358,0.121260317333889,517,30.77,30.77
"518",78,30,-0.0132952730456235,-0.154187161943554,0.121596856730305,518,30.78,30.78
"519",79,30,0.0110080568799753,-0.107270040423658,0.146588597667762,519,30.79,30.79
"520",80,30,-0.00893773944609848,-0.138366119809008,0.120600650569114,520,30.8,30.8
"448",8,30,-0.0241793454693783,-0.171081262943911,0.102559860917728,448,30.8,30.805
"521",81,30,-0.031626013710562,-0.181587623678368,0.0852899084353126,521,30.81,30.81
"522",82,30,-0.017677688573759,-0.151440428403199,0.104196469397276,522,30.82,30.82
"523",83,30,0.024279281368812,-0.0935422753427403,0.186457795339994,523,30.83,30.83
"524",84,30,0.00194384971110344,-0.124792467963365,0.144033822001987,524,30.84,30.84
"525",85,30,-0.0176146871731184,-0.151275521402785,0.101400281787002,525,30.85,30.85
"526",86,30,0.00214597734208644,-0.129110003819344,0.1478665358219,526,30.86,30.86
"527",87,30,-0.00358900081111447,-0.131571640821671,0.128994944990946,527,30.87,30.87
"528",88,30,-0.0763640363911431,-0.271857650885262,0.0398711634460216,528,30.88,30.88
"449",9,30,-0.0536068938776729,-0.223467231716958,0.0580038035858894,449,30.9,30.905
"538",10,35,-0.0280467476059384,-0.13638710546322,0.0595344066224026,538,35.1,35.1
"529",1,35,-0.0183161077539155,-0.116000557530424,0.0741427815166181,529,35.1,35.105
"539",11,35,-0.0159689735733019,-0.112999628873558,0.0832603594874852,539,35.11,35.11
"540",12,35,0.00514438624894598,-0.0754503623186851,0.126029030774222,540,35.12,35.12
"541",13,35,-0.0274051612036704,-0.136440015099445,0.0615450874027734,541,35.13,35.13
"542",14,35,-0.0153481816499166,-0.109258314786661,0.0813704494830978,542,35.14,35.14
"543",15,35,-0.00863007398879525,-0.0993665300899278,0.0986237175396705,543,35.15,35.15
"544",16,35,0.00295164652451113,-0.0829014498739944,0.126830055672127,544,35.16,35.16
"545",17,35,-0.0215416913810211,-0.12291830917346,0.0682422643760855,545,35.17,35.17
"546",18,35,-0.00724158905738308,-0.0943817369769183,0.099360349957665,546,35.18,35.18
"547",19,35,-0.00962909400150023,-0.100625522657294,0.097296208106811,547,35.19,35.19
"548",20,35,-0.0133480884790851,-0.104812668312193,0.0846230792811505,548,35.2,35.2
"530",2,35,-0.0329158397289957,-0.14788667839028,0.0517968082006533,530,35.2,35.205
"549",21,35,-0.0244041479800748,-0.128809663982886,0.0658748090246652,549,35.21,35.21
"550",22,35,0.0062707317823867,-0.0758086310818972,0.13470754332613,550,35.22,35.22
"551",23,35,-0.0338042495630809,-0.144713954345551,0.0488335194075914,551,35.23,35.23
"552",24,35,-0.0219556539313432,-0.121471354536549,0.0712341377025235,552,35.24,35.24
"553",25,35,0.00909117866889027,-0.073300022372842,0.142342713823517,553,35.25,35.25
"554",26,35,-0.0319934569355003,-0.142687789669598,0.0507088241658499,554,35.26,35.26
"555",27,35,-0.0112652856052461,-0.103142219047964,0.0926473898956547,555,35.27,35.27
"556",28,35,-0.0249269335461816,-0.129042755321357,0.0627956819980674,556,35.28,35.28
"557",29,35,-0.0301690143398773,-0.140734503407783,0.053190065416044,557,35.29,35.29
"558",30,35,-0.0196926408670164,-0.11933386040848,0.0724038765573986,558,35.3,35.3
"531",3,35,-0.00371779765854812,-0.08852295605428,0.104745489772977,531,35.3,35.305
"559",31,35,-0.01187507494852,-0.100721715051641,0.0877290578079549,559,35.31,35.31
"560",32,35,-0.012086596846345,-0.103611969865244,0.0887091999266903,560,35.32,35.32
"561",33,35,-0.0175665092543991,-0.113139787409906,0.0757056043183071,561,35.33,35.33
"562",34,35,-0.0155189874908064,-0.110827533972624,0.0820759728818149,562,35.34,35.34
"563",35,35,-0.0134585106996921,-0.102425964031743,0.0826847628984491,563,35.35,35.35
"564",36,35,-0.012689876847564,-0.102687874550113,0.0863925490371138,564,35.36,35.36
"565",37,35,-0.0270469755612517,-0.136653203844822,0.0619083570933942,565,35.37,35.37
"566",38,35,-0.000264797249873792,-0.0845668430499399,0.114595969577275,566,35.38,35.38
"567",39,35,-0.00184429603305593,-0.0884215459792326,0.117352818224857,567,35.39,35.39
"568",40,35,-0.0374153068406762,-0.156735691549654,0.0440947695916005,568,35.4,35.4
"532",4,35,-0.0220751212075925,-0.120464932997738,0.0673594135785887,532,35.4,35.405
"569",41,35,-0.0212184011374606,-0.118243484537356,0.0687616821947431,569,35.41,35.41
"570",42,35,-0.0275267492982657,-0.138486005302866,0.0610356483937989,570,35.42,35.42
"571",43,35,-0.0214216995080034,-0.122965043248043,0.0707687534973427,571,35.43,35.43
"572",44,35,-0.0129369816680566,-0.105901971772097,0.0885491196534263,572,35.44,35.44
"573",45,35,-0.0145712399853508,-0.107367520763626,0.0837500773882974,573,35.45,35.45
"574",46,35,-0.0209117626852571,-0.120597184575611,0.0730486756716762,574,35.46,35.46
"575",47,35,-0.01570641105522,-0.11104683762791,0.0832773476157493,575,35.47,35.47
"576",48,35,-0.0209843144868489,-0.120333705850411,0.0702211139832823,576,35.48,35.48
"577",49,35,-0.00633988839362861,-0.0935544746182243,0.100498601076383,577,35.49,35.49
"578",50,35,-0.00744452569905767,-0.094549685363911,0.0954651342265348,578,35.5,35.5
"533",5,35,-0.0167718013370005,-0.111480101732644,0.0792679064328877,533,35.5,35.505
"579",51,35,-0.00454419205480393,-0.0893711779824904,0.102258283527642,579,35.51,35.51
"580",52,35,-0.0178149179466583,-0.113455244392746,0.0765672377319444,580,35.52,35.52
"581",53,35,-0.00995717150993371,-0.101745112475041,0.0947313208172279,581,35.53,35.53
"582",54,35,-0.0347183375944186,-0.159788369490651,0.0532164245731396,582,35.54,35.54
"583",55,35,-0.0226227005097537,-0.125313711838771,0.0705673091606484,583,35.55,35.55
"584",56,35,-0.00358943148028002,-0.0914066993283859,0.113001284771889,584,35.56,35.56
"585",57,35,-0.0194855287373922,-0.117090287537734,0.0732908206531778,585,35.57,35.57
"586",58,35,-0.00628343032476462,-0.0916890252135261,0.0969026760543775,586,35.58,35.58
"587",59,35,-0.0192478482529553,-0.117383078426694,0.0737874470408096,587,35.59,35.59
"588",60,35,-0.0399924141027885,-0.161002336952757,0.0400788923490593,588,35.6,35.6
"534",6,35,-0.0113526396528869,-0.0987965953790091,0.0852323348323269,534,35.6,35.605
"589",61,35,-0.00854946141515215,-0.0967540504164809,0.0965105787219174,589,35.61,35.61
"590",62,35,-0.000546506312547989,-0.0839801995824194,0.112588403394903,590,35.62,35.62
"591",63,35,-0.0216053684563746,-0.120834339645057,0.0688043597540543,591,35.63,35.63
"592",64,35,-0.0445089174070596,-0.180314310222868,0.0344644646898053,592,35.64,35.64
"593",65,35,-0.0256648143658949,-0.127894064846271,0.0619591116624742,593,35.65,35.65
"594",66,35,-0.0214145316192832,-0.120283806262682,0.0690196946509583,594,35.66,35.66
"595",67,35,-0.0140636375962393,-0.10900845377015,0.0877603508146276,595,35.67,35.67
"596",68,35,-0.0163872834666788,-0.111323469708214,0.0787987489043154,596,35.68,35.68
"597",69,35,-0.0120107338610727,-0.101711198551127,0.0894560016026828,597,35.69,35.69
"598",70,35,-0.0104732138007379,-0.096269155131377,0.0919960206642463,598,35.7,35.7
"535",7,35,-0.0210945198311291,-0.11936228802482,0.0690949727171507,535,35.7,35.705
"599",71,35,-0.0140599674252479,-0.105008965639319,0.0825798876623545,599,35.71,35.71
"600",72,35,-0.0271363649854685,-0.132414164912055,0.0604191260376315,600,35.72,35.72
"601",73,35,-0.0282974963207361,-0.132142300198168,0.0581725803998369,601,35.73,35.73
"602",74,35,-0.0101742911486736,-0.100349599950232,0.0933083369693183,602,35.74,35.74
"603",75,35,-0.00427293736644061,-0.0900456255887242,0.106810481126434,603,35.75,35.75
"604",76,35,-0.015426620059429,-0.110060306930074,0.081896433559965,604,35.76,35.76
"605",77,35,-0.0168586500960095,-0.115504574804518,0.0783122280601799,605,35.77,35.77
"606",78,35,0.0164265179486313,-0.0626631634862902,0.145338514589093,606,35.78,35.78
"607",79,35,-0.035711292515817,-0.15470203934126,0.0467485667953633,607,35.79,35.79
"608",80,35,-0.0228318138945111,-0.122576451935531,0.0671486986286887,608,35.8,35.8
"536",8,35,-0.0160599996679819,-0.107774976987035,0.0780554396558928,536,35.8,35.805
"609",81,35,-0.0549265754759318,-0.202823825476853,0.0252948490060272,609,35.81,35.81
"610",82,35,-0.0179113209555741,-0.115766020554286,0.0799364476796156,610,35.82,35.82
"611",83,35,-0.0186663941170366,-0.1155541044511,0.0729459785311296,611,35.83,35.83
"612",84,35,-0.0191891464490772,-0.115851190143352,0.07671663568894,612,35.84,35.84
"613",85,35,-0.0120323250025276,-0.103879978844373,0.0873584445843817,613,35.85,35.85
"614",86,35,-0.0189291658976996,-0.112233612449411,0.0709569630458198,614,35.86,35.86
"615",87,35,-0.0184195559659183,-0.113946028097757,0.0730788380439821,615,35.87,35.87
"616",88,35,-0.0132746595834005,-0.106930280936882,0.0889157520064149,616,35.88,35.88
"537",9,35,-0.0205604099682705,-0.122328731040497,0.0719419517296509,537,35.9,35.905
"626",10,40,0.0183604234795134,-0.07442429237647,0.138016889700468,626,40.1,40.1
"617",1,40,0.00370656423334212,-0.0988199415348816,0.103100366864685,617,40.1,40.105
"627",11,40,0.00648343917230821,-0.0905598451376364,0.108130778574879,627,40.11,40.11
"628",12,40,0.0045926873181955,-0.0961871413397172,0.107067811322284,628,40.12,40.12
"629",13,40,0.0144281390347982,-0.0756990048348591,0.124326102990812,629,40.13,40.13
"630",14,40,-0.00152555910975369,-0.104391414025458,0.0933550486415926,630,40.14,40.14
"631",15,40,0.0127822691772727,-0.0827984394001384,0.12402001330396,631,40.15,40.15
"632",16,40,0.00921697341142622,-0.0888476039954276,0.114671306659304,632,40.16,40.16
"633",17,40,-0.00900494715382213,-0.114188572021914,0.0786156180798295,633,40.17,40.17
"634",18,40,0.0193837707600587,-0.072559464932318,0.139533704876597,634,40.18,40.18
"635",19,40,0.0023609368621222,-0.100205036436874,0.101054056457627,635,40.19,40.19
"636",20,40,-0.00614518948211328,-0.112333654002121,0.0870033802836066,636,40.2,40.2
"618",2,40,0.00329292610242307,-0.0957840263479665,0.104411909863572,618,40.2,40.205
"637",21,40,0.0321155355885581,-0.051653468749353,0.163820428353674,637,40.21,40.21
"638",22,40,0.0565115298174969,-0.0290989116070686,0.216852746508817,638,40.22,40.22
"639",23,40,0.00713411102775722,-0.0926632726634048,0.114042903961685,639,40.23,40.23
"640",24,40,-0.0265615416218998,-0.160925955309103,0.0593162854753729,640,40.24,40.24
"641",25,40,0.00341349076643283,-0.094306865591541,0.102302397259491,641,40.25,40.25
"642",26,40,0.00591017617605433,-0.0981160393087417,0.110168969292575,642,40.26,40.26
"643",27,40,0.00736170507514997,-0.0896634426463255,0.1118180113387,643,40.27,40.27
"644",28,40,-0.00832418110528761,-0.124343442354421,0.0863896359287443,644,40.28,40.28
"645",29,40,-0.000776393934123236,-0.110097081212168,0.0974857698596583,645,40.29,40.29
"646",30,40,0.00207057645803035,-0.0993757562955855,0.101088578219089,646,40.3,40.3
"619",3,40,0.00338409371667757,-0.0985452483128964,0.106287877278075,619,40.3,40.305
"647",31,40,-0.00353947626077714,-0.105786362482557,0.0892043788509881,647,40.31,40.31
"648",32,40,-0.0040243497467788,-0.113509014282209,0.0937892108124591,648,40.32,40.32
"649",33,40,-0.00460302401398689,-0.112877982725145,0.0901478442387923,649,40.33,40.33
"650",34,40,-0.00158037998162763,-0.103783388778647,0.0926880298041712,650,40.34,40.34
"651",35,40,-0.00136213550467167,-0.106012327532572,0.0958179748569699,651,40.35,40.35
"652",36,40,0.00975842091052532,-0.0859168991625221,0.113653076078155,652,40.36,40.36
"653",37,40,-0.00586957691416133,-0.11555889045452,0.0907793161161632,653,40.37,40.37
"654",38,40,0.00663426953233887,-0.0906756265694972,0.105651997639318,654,40.38,40.38
"655",39,40,-0.0168860811592287,-0.135276062466285,0.0690432738236918,655,40.39,40.39
"656",40,40,-0.0252574927646155,-0.151306871769842,0.057543518587742,656,40.4,40.4
"620",4,40,0.00990482146237905,-0.0856156069969691,0.114855614160175,620,40.4,40.405
"657",41,40,0.00859931499307752,-0.0869898530718857,0.114202765323022,657,40.41,40.41
"658",42,40,-0.00639650081550064,-0.116586560643345,0.0867950433557581,658,40.42,40.42
"659",43,40,0.00017284122417589,-0.101379095403789,0.0954652329222163,659,40.43,40.43
"660",44,40,-0.0167071412561554,-0.143040983220811,0.0760244348134349,660,40.44,40.44
"661",45,40,-0.0167502273733663,-0.135150661977237,0.069355889446323,661,40.45,40.45
"662",46,40,0.00641427473647604,-0.0892066585191455,0.108407866842603,662,40.46,40.46
"663",47,40,0.0222452857390278,-0.0629105320945535,0.134183411705777,663,40.47,40.47
"664",48,40,-0.00176518843010268,-0.104171583890213,0.0929924227628256,664,40.48,40.48
"665",49,40,0.0197420361910929,-0.0686927588273655,0.13435884102282,665,40.49,40.49
"666",50,40,0.0170721403202081,-0.075865110627201,0.130678088902022,666,40.5,40.5
"621",5,40,0.0218509735398672,-0.0631611398467478,0.133925097469697,621,40.5,40.505
"667",51,40,-0.00247898414001513,-0.110603015298146,0.0891656835627756,667,40.51,40.51
"668",52,40,0.0123726493041551,-0.0782089846420888,0.117133512301178,668,40.52,40.52
"669",53,40,-0.0132505382136876,-0.125264481546731,0.0757772526481178,669,40.53,40.53
"670",54,40,0.013184094364899,-0.0862962426618259,0.127837877830471,670,40.54,40.54
"671",55,40,-0.00157033453749144,-0.103098979706092,0.0893042998540091,671,40.55,40.55
"672",56,40,0.0197503046399944,-0.0727528459620018,0.140483552084847,672,40.56,40.56
"673",57,40,2.54626115951642e-05,-0.106611592969452,0.0974321517579368,673,40.57,40.57
"674",58,40,0.0382705425448173,-0.0459559346405572,0.17651022260881,674,40.58,40.58
"675",59,40,-0.00063126469053947,-0.0978294006085798,0.0905593067544228,675,40.59,40.59
"676",60,40,0.016415364915441,-0.078399473991302,0.128892581430279,676,40.6,40.6
"622",6,40,0.0155673224814772,-0.0727166436093189,0.122651220977181,622,40.6,40.605
"677",61,40,-0.000577490618528722,-0.104835559495725,0.095717243418344,677,40.61,40.61
"678",62,40,0.0171370271740501,-0.0703528244151109,0.125693632721801,678,40.62,40.62
"679",63,40,-0.00237329625359147,-0.106447310966163,0.0928281101779247,679,40.63,40.63
"680",64,40,0.00938715099303866,-0.0848375803473791,0.11539172729633,680,40.64,40.64
"681",65,40,0.00678345135070032,-0.0919625877874413,0.111054180854334,681,40.65,40.65
"682",66,40,0.00920789121715533,-0.0912176641221292,0.118425596207085,682,40.66,40.66
"683",67,40,0.0123799111134968,-0.0800436620103218,0.121595126690714,683,40.67,40.67
"684",68,40,-0.00525936290906193,-0.111996273831685,0.0864223412027846,684,40.68,40.68
"685",69,40,-0.0209343135400951,-0.145926744728393,0.0658282308606338,685,40.69,40.69
"686",70,40,0.00198685854807047,-0.100510963098552,0.102112086594743,686,40.7,40.7
"623",7,40,-0.00656118357001633,-0.11810413410948,0.0899220500556991,623,40.7,40.705
"687",71,40,-0.00401103521897043,-0.115499064801008,0.0938268363038072,687,40.71,40.71
"688",72,40,0.0305486911222378,-0.0553423250829633,0.160438396200246,688,40.72,40.72
"689",73,40,0.0270910656990562,-0.0603610269023752,0.155411332707975,689,40.73,40.73
"690",74,40,0.0130579607361229,-0.0805088774488478,0.121001149694946,690,40.74,40.74
"691",75,40,0.000992054680757383,-0.102174780726084,0.0988977094163363,691,40.75,40.75
"692",76,40,-0.00343377116465835,-0.104857873017735,0.0882863525073672,692,40.76,40.76
"693",77,40,0.0140766723650334,-0.0755266779059673,0.121256577700427,693,40.77,40.77
"694",78,40,0.0157364701865122,-0.0783731191281056,0.12757398908565,694,40.78,40.78
"695",79,40,-0.0244245528049446,-0.153002554116213,0.0603253539854191,695,40.79,40.79
"696",80,40,0.010299339611928,-0.0876103118883406,0.117201615242235,696,40.8,40.8
"624",8,40,0.0222773767804275,-0.0652729760703794,0.140999423626594,624,40.8,40.805
"697",81,40,0.00326168536212912,-0.0965992224200387,0.103232330601127,697,40.81,40.81
"698",82,40,0.00105265225853718,-0.0975257681189454,0.097270159597892,698,40.82,40.82
"699",83,40,0.0100647599898776,-0.0825610013828317,0.110692110470801,699,40.83,40.83
"700",84,40,-0.0187601316489205,-0.137747714774669,0.0668685511474616,700,40.84,40.84
"701",85,40,0.0253755567825026,-0.0621967716365414,0.145547143593458,701,40.85,40.85
"702",86,40,0.0105770087024313,-0.0870666315004813,0.116692114270129,702,40.86,40.86
"703",87,40,-0.00142882228217493,-0.108852329203637,0.0966707298005108,703,40.87,40.87
"704",88,40,0.00151368421027551,-0.100716942232858,0.0998106594130466,704,40.88,40.88
"625",9,40,0.0116288057930013,-0.0796461493190322,0.119017989036102,625,40.9,40.905
