"","studyid","year","envvalue","z","species","phenovalue","intid","spp"
"2","EMW001",1951,-1.99052,-0.40370470101072,"Acartia tonsa",154.875,1,"spp1"
"6","EMW001",1972,0.094787,-0.0473885990574894,"Acartia tonsa",176,1,"spp1"
"7","EMW001",1973,1.23223,0.14696611991386,"Acartia tonsa",173.083,1,"spp1"
"12","EMW001",1976,4.07583,0.632851635818332,"Acartia tonsa",178.875,1,"spp1"
"14","EMW001",1981,-4.07583,-0.760021315573512,"Acartia tonsa",187.458,1,"spp1"
"15","EMW001",1982,15.0711,2.51161181181319,"Acartia tonsa",172.125,1,"spp1"
"16","EMW001",1983,2.36967,0.341320326275649,"Acartia tonsa",177.875,1,"spp1"
"21","EMW001",2001,5.97156,0.956774743521802,"Acartia tonsa",176.917,1,"spp1"
"22","EMW001",2002,9.00474,1.4750537662856,"Acartia tonsa",169.25,1,"spp1"
"24","EMW001",2003,9.00474,1.4750537662856,"Acartia tonsa",180.75,1,"spp1"
"1","EMW001",1950,6.16114,0.989168250381124,"Mnemiopsis1 leidyi",205.667,1,"spp2"
"3","EMW001",1951,-1.99052,-0.40370470101072,"Mnemiopsis1 leidyi",206.625,1,"spp2"
"4","EMW001",1971,6.16114,0.989168250381124,"Mnemiopsis1 leidyi",210.458,1,"spp2"
"5","EMW001",1972,0.094787,-0.0473885990574894,"Mnemiopsis1 leidyi",188.458,1,"spp2"
"8","EMW001",1973,1.23223,0.14696611991386,"Mnemiopsis1 leidyi",197.042,1,"spp2"
"9","EMW001",1974,4.07583,0.632851635818332,"Mnemiopsis1 leidyi",195.125,1,"spp2"
"10","EMW001",1975,-4.07583,-0.760021315573512,"Mnemiopsis1 leidyi",200.875,1,"spp2"
"11","EMW001",1976,4.07583,0.632851635818332,"Mnemiopsis1 leidyi",207.625,1,"spp2"
"13","EMW001",1978,0.094787,-0.0473885990574894,"Mnemiopsis1 leidyi",200.875,1,"spp2"
"17","EMW001",1983,2.36967,0.341320326275649,"Mnemiopsis1 leidyi",226.75,1,"spp2"
"18","EMW001",1985,-4.83412,-0.889590216915192,"Mnemiopsis1 leidyi",161.583,1,"spp2"
"19","EMW001",1986,-2.74882,-0.533275311050937,"Mnemiopsis1 leidyi",137.625,1,"spp2"
"20","EMW001",1999,-2.93839,-0.565667109211723,"Mnemiopsis1 leidyi",137.625,1,"spp2"
"23","EMW001",2002,9.00474,1.4750537662856,"Mnemiopsis1 leidyi",106.958,1,"spp2"
"47","HMK011",1996,0.772973,-0.94870205102848,"Epirrita autumnata",180.4596,155,"spp1"
"48","HMK011",1997,-0.847297,-2.24387346692987,"Epirrita autumnata",192.649,155,"spp1"
"51","HMK011",1998,0.881081,-0.862285347991166,"Epirrita autumnata",178.8317,155,"spp1"
"53","HMK011",1999,2.5,0.431806138896617,"Epirrita autumnata",169.9526,155,"spp1"
"54","HMK011",2000,2.635135,0.539827017693259,"Epirrita autumnata",166.9974,155,"spp1"
"56","HMK011",2001,1.141892,-0.653804692203761,"Epirrita autumnata",182.1512,155,"spp1"
"58","HMK011",2002,3.821622,1.48825169243179,"Epirrita autumnata",165.3688,155,"spp1"
"60","HMK011",2003,2.672973,0.570073023627379,"Epirrita autumnata",170.6461,155,"spp1"
"62","HMK011",2004,3.066216,0.884413900828902,"Epirrita autumnata",162.4261,155,"spp1"
"64","HMK011",2005,1.478378,-0.384832823903419,"Epirrita autumnata",176.9202,155,"spp1"
"67","HMK011",2006,2.491892,0.425324966104349,"Epirrita autumnata",168.3689,155,"spp1"
"69","HMK011",2007,3.294595,1.06696986544723,"Epirrita autumnata",167.391,155,"spp1"
"70","HMK011",2008,1.952703,-0.00567862006860801,"Epirrita autumnata",172.6669,155,"spp1"
"72","HMK011",2009,1.917568,-0.0337639686202047,"Epirrita autumnata",170.7021,155,"spp1"
"25","HMK011",1975,3.525676,1.25168568809279,"Poecile montanus",132.8617,155,"spp2"
"26","HMK011",1976,1.128378,-0.664607179761077,"Poecile montanus",137.4798,155,"spp2"
"27","HMK011",1977,1.008108,-0.760745641986793,"Poecile montanus",139.7928,155,"spp2"
"28","HMK011",1978,0.395946,-1.25008058264547,"Poecile montanus",140.7895,155,"spp2"
"29","HMK011",1979,0.648649,-1.04808109965033,"Poecile montanus",135.861,155,"spp2"
"30","HMK011",1980,0.944595,-0.811515095311328,"Poecile montanus",131.2604,155,"spp2"
"31","HMK011",1981,0.675676,-1.026476923891,"Poecile montanus",137.5253,155,"spp2"
"32","HMK011",1982,2.659459,0.559270536070063,"Poecile montanus",136.8767,155,"spp2"
"33","HMK011",1983,4.295946,1.8674050969113,"Poecile montanus",130.9592,155,"spp2"
"34","HMK011",1984,1.952703,-0.00567862006860801,"Poecile montanus",129.3208,155,"spp2"
"35","HMK011",1985,0.224324,-1.38726753836262,"Poecile montanus",137.8903,155,"spp2"
"36","HMK011",1986,2.974324,0.810959543376125,"Poecile montanus",131.3157,155,"spp2"
"37","HMK011",1987,1.132432,-0.661366593364943,"Poecile montanus",135.2748,155,"spp2"
"38","HMK011",1988,1.060811,-0.718617219481747,"Poecile montanus",138.906,155,"spp2"
"39","HMK011",1989,4.248649,1.8295979891713,"Poecile montanus",125.4171,155,"spp2"
"40","HMK011",1990,3.455405,1.19551419163429,"Poecile montanus",128.3899,155,"spp2"
"41","HMK011",1991,1.12973,-0.663526451392164,"Poecile montanus",137.6164,155,"spp2"
"42","HMK011",1992,1.817568,-0.11369949886525,"Poecile montanus",138.6125,155,"spp2"
"43","HMK011",1993,3.739189,1.42235843678489,"Poecile montanus",131.3802,155,"spp2"
"44","HMK011",1994,2.133784,0.139069437454422,"Poecile montanus",133.6945,155,"spp2"
"45","HMK011",1995,1.662162,-0.237924108997865,"Poecile montanus",139.3003,155,"spp2"
"46","HMK011",1996,0.772973,-0.94870205102848,"Poecile montanus",130.7477,155,"spp2"
"49","HMK011",1997,-0.847297,-2.24387346692987,"Poecile montanus",139.6457,155,"spp2"
"50","HMK011",1998,0.881081,-0.862285347991166,"Poecile montanus",135.3756,155,"spp2"
"52","HMK011",1999,2.5,0.431806138896617,"Poecile montanus",130.4458,155,"spp2"
"55","HMK011",2000,2.635135,0.539827017693259,"Poecile montanus",132.758,155,"spp2"
"57","HMK011",2001,1.141892,-0.653804692203761,"Poecile montanus",133.1005,155,"spp2"
"59","HMK011",2002,3.821622,1.48825169243179,"Poecile montanus",127.8414,155,"spp2"
"61","HMK011",2003,2.672973,0.570073023627379,"Poecile montanus",136.0817,155,"spp2"
"63","HMK011",2004,3.066216,0.884413900828902,"Poecile montanus",129.8321,155,"spp2"
"65","HMK011",2005,1.478378,-0.384832823903419,"Poecile montanus",131.4894,155,"spp2"
"66","HMK011",2006,2.491892,0.425324966104349,"Poecile montanus",129.8518,155,"spp2"
"68","HMK011",2007,3.294595,1.06696986544723,"Poecile montanus",131.5084,155,"spp2"
"71","HMK011",2008,1.952703,-0.00567862006860801,"Poecile montanus",130.859,155,"spp2"
"73","HMK011",2009,1.917568,-0.0337639686202047,"Poecile montanus",133.5005,155,"spp2"
"74","HMK016",1992,0.430769,0.421579196160684,"Cerorhinca monocerata",142.307,165,"spp2"
"75","HMK016",1993,0.738462,0.722708032275328,"Cerorhinca monocerata",143.258,165,"spp2"
"77","HMK016",1994,-0.676923,-0.662481873585793,"Cerorhinca monocerata",146.082,165,"spp2"
"79","HMK016",1995,0.307692,0.301127857448129,"Cerorhinca monocerata",139.568,165,"spp2"
"81","HMK016",1996,-0.276923,-0.271015267436619,"Cerorhinca monocerata",147.521,165,"spp2"
"83","HMK016",1997,-0.8,-0.782933212298348,"Cerorhinca monocerata",153.142,165,"spp2"
"85","HMK016",1998,0.707692,0.692594463597303,"Cerorhinca monocerata",145.695,165,"spp2"
"87","HMK016",1999,-1.72308,-1.6863206993088,"Cerorhinca monocerata",155.515,165,"spp2"
"89","HMK016",2000,-0.8,-0.782933212298348,"Cerorhinca monocerata",149.935,165,"spp2"
"91","HMK016",2001,-1.26154,-1.23462695580357,"Cerorhinca monocerata",156.489,165,"spp2"
"92","HMK016",2002,1.72308,1.6863206993088,"Cerorhinca monocerata",136.909,165,"spp2"
"94","HMK016",2003,0,1.68483132925856e-17,"Cerorhinca monocerata",146.73,165,"spp2"
"95","HMK016",2004,0.523077,0.511917944861728,"Cerorhinca monocerata",157.018,165,"spp2"
"97","HMK016",2005,-0.430769,-0.421579196160684,"Cerorhinca monocerata",149.105,165,"spp2"
"76","HMK016",1993,0.738462,0.722708032275328,"Engraulis japonicus",165.259,165,"spp1"
"78","HMK016",1995,0.307692,0.301127857448129,"Engraulis japonicus",171.541,165,"spp1"
"80","HMK016",1996,-0.276923,-0.271015267436619,"Engraulis japonicus",180.839,165,"spp1"
"82","HMK016",1997,-0.8,-0.782933212298348,"Engraulis japonicus",214.747,165,"spp1"
"84","HMK016",1998,0.707692,0.692594463597303,"Engraulis japonicus",136.361,165,"spp1"
"86","HMK016",1999,-1.72308,-1.6863206993088,"Engraulis japonicus",157.962,165,"spp1"
"88","HMK016",2000,-0.8,-0.782933212298348,"Engraulis japonicus",162.641,165,"spp1"
"90","HMK016",2001,-1.26154,-1.23462695580357,"Engraulis japonicus",145.798,165,"spp1"
"93","HMK016",2002,1.72308,1.6863206993088,"Engraulis japonicus",110.476,165,"spp1"
"96","HMK016",2005,-0.430769,-0.421579196160684,"Engraulis japonicus",169.134,165,"spp1"
"100","HMK018",1991,-5.6,-1.08971278499702,"Pygoscelis adeliae",309,167,"spp1"
"101","HMK018",1991,-5.6,-1.08971278499702,"Pygoscelis adeliae",309,168,"spp1"
"103","HMK018",1992,-3.65,0.164285883215318,"Pygoscelis adeliae",307,168,"spp1"
"105","HMK018",1992,-3.65,0.164285883215318,"Pygoscelis adeliae",307,167,"spp1"
"107","HMK018",1993,-3.65,0.164285883215318,"Pygoscelis adeliae",301,168,"spp1"
"109","HMK018",1993,-3.65,0.164285883215318,"Pygoscelis adeliae",301,167,"spp1"
"110","HMK018",1994,-7.75,-2.47232670123114,"Pygoscelis adeliae",311,168,"spp1"
"112","HMK018",1994,-7.75,-2.47232670123114,"Pygoscelis adeliae",311,167,"spp1"
"116","HMK018",1995,-2.85,0.678746875302432,"Pygoscelis adeliae",303,168,"spp1"
"117","HMK018",1995,-2.85,0.678746875302432,"Pygoscelis adeliae",303,167,"spp1"
"120","HMK018",1996,-2.9,0.646593063296987,"Pygoscelis adeliae",303,168,"spp1"
"121","HMK018",1996,-2.9,0.646593063296987,"Pygoscelis adeliae",303,167,"spp1"
"122","HMK018",1997,-3.4,0.325054943242541,"Pygoscelis adeliae",303,168,"spp1"
"124","HMK018",1997,-3.4,0.325054943242541,"Pygoscelis adeliae",303,167,"spp1"
"131","HMK018",1998,-2.8,0.710900687307877,"Pygoscelis adeliae",303,167,"spp1"
"132","HMK018",1998,-2.8,0.710900687307877,"Pygoscelis adeliae",303,168,"spp1"
"136","HMK018",1999,-2.8,0.710900687307877,"Pygoscelis adeliae",305,167,"spp1"
"138","HMK018",1999,-2.8,0.710900687307877,"Pygoscelis adeliae",305,168,"spp1"
"141","HMK018",2000,-1.9,1.28966930340588,"Pygoscelis adeliae",304,167,"spp1"
"144","HMK018",2000,-1.9,1.28966930340588,"Pygoscelis adeliae",304,168,"spp1"
"146","HMK018",2001,-2.1,1.1610540553841,"Pygoscelis adeliae",300,168,"spp1"
"149","HMK018",2001,-2.1,1.1610540553841,"Pygoscelis adeliae",300,167,"spp1"
"154","HMK018",2002,-5.35,-0.928943724969798,"Pygoscelis adeliae",308,168,"spp1"
"157","HMK018",2002,-5.35,-0.928943724969798,"Pygoscelis adeliae",308,167,"spp1"
"158","HMK018",2003,-3.3,0.389362567253431,"Pygoscelis adeliae",304,168,"spp1"
"162","HMK018",2003,-3.3,0.389362567253431,"Pygoscelis adeliae",304,167,"spp1"
"165","HMK018",2004,-4.65,-0.478790356893574,"Pygoscelis adeliae",302,168,"spp1"
"168","HMK018",2004,-4.65,-0.478790356893574,"Pygoscelis adeliae",302,167,"spp1"
"172","HMK018",2005,-2.25,1.06459261936777,"Pygoscelis adeliae",309.5,168,"spp1"
"175","HMK018",2005,-2.25,1.06459261936777,"Pygoscelis adeliae",309.5,167,"spp1"
"176","HMK018",2006,-1.7,1.41828455142766,"Pygoscelis adeliae",310,168,"spp1"
"177","HMK018",2006,-1.7,1.41828455142766,"Pygoscelis adeliae",310,167,"spp1"
"184","HMK018",2007,-4.5,-0.38232892087724,"Pygoscelis adeliae",318,167,"spp1"
"185","HMK018",2007,-4.5,-0.38232892087724,"Pygoscelis adeliae",318,168,"spp1"
"125","HMK018",1997,-3.4,0.325054943242541,"Pygoscelis antarcticus",329,169,"spp1"
"127","HMK018",1997,-3.4,0.325054943242541,"Pygoscelis antarcticus",329,167,"spp2"
"129","HMK018",1998,-2.8,0.710900687307877,"Pygoscelis antarcticus",325,169,"spp1"
"133","HMK018",1998,-2.8,0.710900687307877,"Pygoscelis antarcticus",325,167,"spp2"
"137","HMK018",1999,-2.8,0.710900687307877,"Pygoscelis antarcticus",324,169,"spp1"
"139","HMK018",1999,-2.8,0.710900687307877,"Pygoscelis antarcticus",324,167,"spp2"
"142","HMK018",2000,-1.9,1.28966930340588,"Pygoscelis antarcticus",325,169,"spp1"
"145","HMK018",2000,-1.9,1.28966930340588,"Pygoscelis antarcticus",325,167,"spp2"
"150","HMK018",2001,-2.1,1.1610540553841,"Pygoscelis antarcticus",324,169,"spp1"
"151","HMK018",2001,-2.1,1.1610540553841,"Pygoscelis antarcticus",324,167,"spp2"
"155","HMK018",2002,-5.35,-0.928943724969798,"Pygoscelis antarcticus",329,169,"spp1"
"156","HMK018",2002,-5.35,-0.928943724969798,"Pygoscelis antarcticus",329,167,"spp2"
"160","HMK018",2003,-3.3,0.389362567253431,"Pygoscelis antarcticus",326,167,"spp2"
"161","HMK018",2003,-3.3,0.389362567253431,"Pygoscelis antarcticus",326,169,"spp1"
"164","HMK018",2004,-4.65,-0.478790356893574,"Pygoscelis antarcticus",329,169,"spp1"
"167","HMK018",2004,-4.65,-0.478790356893574,"Pygoscelis antarcticus",329,167,"spp2"
"171","HMK018",2005,-2.25,1.06459261936777,"Pygoscelis antarcticus",323,169,"spp1"
"173","HMK018",2005,-2.25,1.06459261936777,"Pygoscelis antarcticus",323,167,"spp2"
"178","HMK018",2006,-1.7,1.41828455142766,"Pygoscelis antarcticus",321,169,"spp1"
"180","HMK018",2006,-1.7,1.41828455142766,"Pygoscelis antarcticus",321,167,"spp2"
"98","HMK018",1991,-5.6,-1.08971278499702,"Pygoscelis papua",320,169,"spp2"
"99","HMK018",1991,-5.6,-1.08971278499702,"Pygoscelis papua",320,168,"spp2"
"102","HMK018",1992,-3.65,0.164285883215318,"Pygoscelis papua",316,169,"spp2"
"104","HMK018",1992,-3.65,0.164285883215318,"Pygoscelis papua",316,168,"spp2"
"106","HMK018",1993,-3.65,0.164285883215318,"Pygoscelis papua",308,169,"spp2"
"108","HMK018",1993,-3.65,0.164285883215318,"Pygoscelis papua",308,168,"spp2"
"111","HMK018",1994,-7.75,-2.47232670123114,"Pygoscelis papua",321,168,"spp2"
"113","HMK018",1994,-7.75,-2.47232670123114,"Pygoscelis papua",321,169,"spp2"
"114","HMK018",1995,-2.85,0.678746875302432,"Pygoscelis papua",304,169,"spp2"
"115","HMK018",1995,-2.85,0.678746875302432,"Pygoscelis papua",304,168,"spp2"
"118","HMK018",1996,-2.9,0.646593063296987,"Pygoscelis papua",309,168,"spp2"
"119","HMK018",1996,-2.9,0.646593063296987,"Pygoscelis papua",309,169,"spp2"
"123","HMK018",1997,-3.4,0.325054943242541,"Pygoscelis papua",308,168,"spp2"
"126","HMK018",1997,-3.4,0.325054943242541,"Pygoscelis papua",308,169,"spp2"
"128","HMK018",1998,-2.8,0.710900687307877,"Pygoscelis papua",316,168,"spp2"
"130","HMK018",1998,-2.8,0.710900687307877,"Pygoscelis papua",316,169,"spp2"
"134","HMK018",1999,-2.8,0.710900687307877,"Pygoscelis papua",314.5,169,"spp2"
"135","HMK018",1999,-2.8,0.710900687307877,"Pygoscelis papua",314.5,168,"spp2"
"140","HMK018",2000,-1.9,1.28966930340588,"Pygoscelis papua",314.5,168,"spp2"
"143","HMK018",2000,-1.9,1.28966930340588,"Pygoscelis papua",314.5,169,"spp2"
"147","HMK018",2001,-2.1,1.1610540553841,"Pygoscelis papua",306,168,"spp2"
"148","HMK018",2001,-2.1,1.1610540553841,"Pygoscelis papua",306,169,"spp2"
"152","HMK018",2002,-5.35,-0.928943724969798,"Pygoscelis papua",323.5,168,"spp2"
"153","HMK018",2002,-5.35,-0.928943724969798,"Pygoscelis papua",323.5,169,"spp2"
"159","HMK018",2003,-3.3,0.389362567253431,"Pygoscelis papua",317.5,168,"spp2"
"163","HMK018",2003,-3.3,0.389362567253431,"Pygoscelis papua",317.5,169,"spp2"
"166","HMK018",2004,-4.65,-0.478790356893574,"Pygoscelis papua",316,169,"spp2"
"169","HMK018",2004,-4.65,-0.478790356893574,"Pygoscelis papua",316,168,"spp2"
"170","HMK018",2005,-2.25,1.06459261936777,"Pygoscelis papua",313.5,168,"spp2"
"174","HMK018",2005,-2.25,1.06459261936777,"Pygoscelis papua",313.5,169,"spp2"
"179","HMK018",2006,-1.7,1.41828455142766,"Pygoscelis papua",308,168,"spp2"
"181","HMK018",2006,-1.7,1.41828455142766,"Pygoscelis papua",308,169,"spp2"
"182","HMK018",2007,-4.5,-0.38232892087724,"Pygoscelis papua",324,168,"spp2"
"183","HMK018",2007,-4.5,-0.38232892087724,"Pygoscelis papua",324,169,"spp2"
"186","HMK019",1969,9.17997,0.691997840580577,"Daphnia3 spp.",160.305,171,"spp1"
"188","HMK019",1969,9.17997,0.691997840580577,"Daphnia3 spp.",160.305,170,"spp2"
"192","HMK019",1970,7.0721775,-1.54403652787558,"Daphnia3 spp.",153.324,170,"spp2"
"193","HMK019",1970,7.0721775,-1.54403652787558,"Daphnia3 spp.",153.324,171,"spp1"
"194","HMK019",1971,7.5041675,-1.08576348305292,"Daphnia3 spp.",124.8365,170,"spp2"
"196","HMK019",1971,7.5041675,-1.08576348305292,"Daphnia3 spp.",124.8365,171,"spp1"
"198","HMK019",1972,8.8363475,0.32746873262767,"Daphnia3 spp.",140.054,170,"spp2"
"201","HMK019",1972,8.8363475,0.32746873262767,"Daphnia3 spp.",140.054,171,"spp1"
"202","HMK019",1973,8.033365,-0.524368659937703,"Daphnia3 spp.",137.4605,170,"spp2"
"205","HMK019",1973,8.033365,-0.524368659937703,"Daphnia3 spp.",137.4605,171,"spp1"
"208","HMK019",1974,8.1390875,-0.41221381380408,"Daphnia3 spp.",134.959,171,"spp1"
"209","HMK019",1974,8.1390875,-0.41221381380408,"Daphnia3 spp.",134.959,170,"spp2"
"210","HMK019",1975,9.0562675,0.560769059064394,"Daphnia3 spp.",131.047,171,"spp1"
"212","HMK019",1975,9.0562675,0.560769059064394,"Daphnia3 spp.",131.047,170,"spp2"
"214","HMK019",1976,8.8796125,0.373366052668071,"Daphnia3 spp.",142.5315,171,"spp1"
"215","HMK019",1976,8.8796125,0.373366052668071,"Daphnia3 spp.",142.5315,170,"spp2"
"218","HMK019",1977,8.359595,-0.178290242815783,"Daphnia3 spp.",134.2885,171,"spp1"
"220","HMK019",1977,8.359595,-0.178290242815783,"Daphnia3 spp.",134.2885,170,"spp2"
"222","HMK019",1978,7.85678,-0.711697407408732,"Daphnia3 spp.",147.44,171,"spp1"
"224","HMK019",1978,7.85678,-0.711697407408732,"Daphnia3 spp.",147.44,170,"spp2"
"228","HMK019",1979,7.3365725,-1.26355526283267,"Daphnia3 spp.",141.25,171,"spp1"
"229","HMK019",1979,7.3365725,-1.26355526283267,"Daphnia3 spp.",141.25,170,"spp2"
"230","HMK019",1980,7.6910175,-0.887545194608476,"Daphnia3 spp.",125.4055,171,"spp1"
"232","HMK019",1980,7.6910175,-0.887545194608476,"Daphnia3 spp.",125.4055,170,"spp2"
"234","HMK019",1981,8.156605,-0.393630517749354,"Daphnia3 spp.",132.068,171,"spp1"
"236","HMK019",1981,8.156605,-0.393630517749354,"Daphnia3 spp.",132.068,170,"spp2"
"238","HMK019",1982,8.53609,0.00894302889415449,"Daphnia3 spp.",123.4645,171,"spp1"
"239","HMK019",1982,8.53609,0.00894302889415449,"Daphnia3 spp.",123.4645,170,"spp2"
"242","HMK019",1983,8.4918225,-0.0380177850406296,"Daphnia3 spp.",149.2905,171,"spp1"
"244","HMK019",1983,8.4918225,-0.0380177850406296,"Daphnia3 spp.",149.2905,170,"spp2"
"247","HMK019",1984,6.92225,-1.70308588533212,"Daphnia3 spp.",121.607,171,"spp1"
"248","HMK019",1984,6.92225,-1.70308588533212,"Daphnia3 spp.",121.607,170,"spp2"
"253","HMK019",1986,7.24836,-1.35713476922499,"Daphnia3 spp.",143.5115,170,"spp2"
"255","HMK019",1986,7.24836,-1.35713476922499,"Daphnia3 spp.",143.5115,171,"spp1"
"256","HMK019",1987,6.5518175,-2.09605616167248,"Daphnia3 spp.",129.6225,170,"spp2"
"257","HMK019",1987,6.5518175,-2.09605616167248,"Daphnia3 spp.",129.6225,171,"spp1"
"260","HMK019",1988,8.0685125,-0.487082723126885,"Daphnia3 spp.",129.632,171,"spp1"
"262","HMK019",1988,8.0685125,-0.487082723126885,"Daphnia3 spp.",129.632,170,"spp2"
"264","HMK019",1989,8.588875,0.0649395627744859,"Daphnia3 spp.",155.9275,171,"spp1"
"265","HMK019",1989,8.588875,0.0649395627744859,"Daphnia3 spp.",155.9275,170,"spp2"
"267","HMK019",1990,8.91536,0.411288494552832,"Daphnia3 spp.",123.2625,170,"spp2"
"268","HMK019",1990,8.91536,0.411288494552832,"Daphnia3 spp.",123.2625,171,"spp1"
"273","HMK019",1991,9.5415075,1.0755319291997,"Daphnia3 spp.",126.391,170,"spp2"
"274","HMK019",1991,9.5415075,1.0755319291997,"Daphnia3 spp.",126.391,171,"spp1"
"277","HMK019",1992,8.3508225,-0.187596477417758,"Daphnia3 spp.",121.4005,171,"spp1"
"278","HMK019",1992,8.3508225,-0.187596477417758,"Daphnia3 spp.",121.4005,170,"spp2"
"279","HMK019",1993,8.6416775,0.120954661386141,"Daphnia3 spp.",123.8035,171,"spp1"
"281","HMK019",1993,8.6416775,0.120954661386141,"Daphnia3 spp.",123.8035,170,"spp2"
"284","HMK019",1994,9.06527,0.570319287278047,"Daphnia3 spp.",125.1545,171,"spp1"
"285","HMK019",1994,9.06527,0.570319287278047,"Daphnia3 spp.",125.1545,170,"spp2"
"288","HMK019",1995,8.341965,-0.196992883571874,"Daphnia3 spp.",131.477,171,"spp1"
"289","HMK019",1995,8.341965,-0.196992883571874,"Daphnia3 spp.",131.477,170,"spp2"
"291","HMK019",1996,8.7742025,0.261542719593792,"Daphnia3 spp.",139.5085,171,"spp1"
"293","HMK019",1996,8.7742025,0.261542719593792,"Daphnia3 spp.",139.5085,170,"spp2"
"295","HMK019",1997,6.9929825,-1.6280498934274,"Daphnia3 spp.",110.5725,171,"spp1"
"296","HMK019",1997,6.9929825,-1.6280498934274,"Daphnia3 spp.",110.5725,170,"spp2"
"299","HMK019",1998,9.082635,0.588740804959812,"Daphnia3 spp.",136.25,170,"spp2"
"302","HMK019",1998,9.082635,0.588740804959812,"Daphnia3 spp.",136.25,171,"spp1"
"305","HMK019",1999,9.2683325,0.785736473241384,"Daphnia3 spp.",133.19,170,"spp2"
"306","HMK019",1999,9.2683325,0.785736473241384,"Daphnia3 spp.",133.19,171,"spp1"
"308","HMK019",2000,9.665065,1.20660688865634,"Daphnia3 spp.",121.22,170,"spp2"
"309","HMK019",2000,9.665065,1.20660688865634,"Daphnia3 spp.",121.22,171,"spp1"
"312","HMK019",2001,9.4439775,0.972068029429899,"Daphnia3 spp.",132.4685,170,"spp2"
"314","HMK019",2001,9.4439775,0.972068029429899,"Daphnia3 spp.",132.4685,171,"spp1"
"316","HMK019",2002,7.9976175,-0.562291101822464,"Daphnia3 spp.",113.75,170,"spp2"
"317","HMK019",2002,7.9976175,-0.562291101822464,"Daphnia3 spp.",113.75,171,"spp1"
"319","HMK019",2003,9.735455,1.28127954224802,"Daphnia3 spp.",100.91875,170,"spp2"
"320","HMK019",2003,9.735455,1.28127954224802,"Daphnia3 spp.",100.91875,171,"spp1"
"326","HMK019",2005,9.64693,1.18736852279635,"Daphnia3 spp.",107.881,171,"spp1"
"328","HMK019",2005,9.64693,1.18736852279635,"Daphnia3 spp.",107.881,170,"spp2"
"330","HMK019",2006,9.329495,0.850620209216676,"Daphnia3 spp.",123.75,170,"spp2"
"331","HMK019",2006,9.329495,0.850620209216676,"Daphnia3 spp.",123.75,171,"spp1"
"336","HMK019",2008,10.8643025,2.47880814468199,"Daphnia3 spp.",119.17,170,"spp2"
"337","HMK019",2008,10.8643025,2.47880814468199,"Daphnia3 spp.",119.17,171,"spp1"
"187","HMK019",1969,9.17997,0.691997840580577,"Perca fluviatillis",146.943,171,"spp2"
"190","HMK019",1970,7.0721775,-1.54403652787558,"Perca fluviatillis",142.4035,171,"spp2"
"195","HMK019",1971,7.5041675,-1.08576348305292,"Perca fluviatillis",139.977,171,"spp2"
"199","HMK019",1972,8.8363475,0.32746873262767,"Perca fluviatillis",143.5655,171,"spp2"
"203","HMK019",1973,8.033365,-0.524368659937703,"Perca fluviatillis",142.2105,171,"spp2"
"206","HMK019",1974,8.1390875,-0.41221381380408,"Perca fluviatillis",138.198,171,"spp2"
"213","HMK019",1975,9.0562675,0.560769059064394,"Perca fluviatillis",140.177,171,"spp2"
"216","HMK019",1976,8.8796125,0.373366052668071,"Perca fluviatillis",142.6785,171,"spp2"
"219","HMK019",1977,8.359595,-0.178290242815783,"Perca fluviatillis",148.327,171,"spp2"
"223","HMK019",1978,7.85678,-0.711697407408732,"Perca fluviatillis",145.719,171,"spp2"
"226","HMK019",1979,7.3365725,-1.26355526283267,"Perca fluviatillis",143.0605,171,"spp2"
"231","HMK019",1980,7.6910175,-0.887545194608476,"Perca fluviatillis",132.825,171,"spp2"
"235","HMK019",1981,8.156605,-0.393630517749354,"Perca fluviatillis",141.7125,171,"spp2"
"240","HMK019",1982,8.53609,0.00894302889415449,"Perca fluviatillis",131.427,171,"spp2"
"243","HMK019",1983,8.4918225,-0.0380177850406296,"Perca fluviatillis",137.11,171,"spp2"
"246","HMK019",1984,6.92225,-1.70308588533212,"Perca fluviatillis",130.015,171,"spp2"
"250","HMK019",1985,7.83898,-0.730580391269108,"Perca fluviatillis",137.6395,171,"spp2"
"254","HMK019",1986,7.24836,-1.35713476922499,"Perca fluviatillis",139.4585,171,"spp2"
"259","HMK019",1987,6.5518175,-2.09605616167248,"Perca fluviatillis",129.187,171,"spp2"
"263","HMK019",1989,8.588875,0.0649395627744859,"Perca fluviatillis",133.715,171,"spp2"
"270","HMK019",1990,8.91536,0.411288494552832,"Perca fluviatillis",129.6245,171,"spp2"
"272","HMK019",1991,9.5415075,1.0755319291997,"Perca fluviatillis",134.485,171,"spp2"
"275","HMK019",1992,8.3508225,-0.187596477417758,"Perca fluviatillis",131.457,171,"spp2"
"282","HMK019",1993,8.6416775,0.120954661386141,"Perca fluviatillis",127.515,171,"spp2"
"286","HMK019",1994,9.06527,0.570319287278047,"Perca fluviatillis",129.112,171,"spp2"
"290","HMK019",1995,8.341965,-0.196992883571874,"Perca fluviatillis",128.683,171,"spp2"
"292","HMK019",1996,8.7742025,0.261542719593792,"Perca fluviatillis",140.108,171,"spp2"
"297","HMK019",1997,6.9929825,-1.6280498934274,"Perca fluviatillis",129.181,171,"spp2"
"300","HMK019",1998,9.082635,0.588740804959812,"Perca fluviatillis",128.187,171,"spp2"
"304","HMK019",1999,9.2683325,0.785736473241384,"Perca fluviatillis",125.8805,171,"spp2"
"307","HMK019",2000,9.665065,1.20660688865634,"Perca fluviatillis",126.424,171,"spp2"
"313","HMK019",2001,9.4439775,0.972068029429899,"Perca fluviatillis",135.3075,171,"spp2"
"315","HMK019",2002,7.9976175,-0.562291101822464,"Perca fluviatillis",124.3945,171,"spp2"
"321","HMK019",2003,9.735455,1.28127954224802,"Perca fluviatillis",130.897,171,"spp2"
"323","HMK019",2004,10.04422,1.60883035750918,"Perca fluviatillis",121.54,171,"spp2"
"325","HMK019",2005,9.64693,1.18736852279635,"Perca fluviatillis",126.7665,171,"spp2"
"329","HMK019",2006,9.329495,0.850620209216676,"Perca fluviatillis",130.5205,171,"spp2"
"333","HMK019",2007,9.056305,0.560808840631515,"Perca fluviatillis",120.131,171,"spp2"
"338","HMK019",2008,10.8643025,2.47880814468199,"Perca fluviatillis",126.487,171,"spp2"
"189","HMK019",1969,9.17997,0.691997840580577,"Phytoplankton1 spp.",109.8085,170,"spp1"
"191","HMK019",1970,7.0721775,-1.54403652787558,"Phytoplankton1 spp.",124.352,170,"spp1"
"197","HMK019",1971,7.5041675,-1.08576348305292,"Phytoplankton1 spp.",100.53485,170,"spp1"
"200","HMK019",1972,8.8363475,0.32746873262767,"Phytoplankton1 spp.",109.654,170,"spp1"
"204","HMK019",1973,8.033365,-0.524368659937703,"Phytoplankton1 spp.",76.8018,170,"spp1"
"207","HMK019",1974,8.1390875,-0.41221381380408,"Phytoplankton1 spp.",86.52195,170,"spp1"
"211","HMK019",1975,9.0562675,0.560769059064394,"Phytoplankton1 spp.",98.84105,170,"spp1"
"217","HMK019",1976,8.8796125,0.373366052668071,"Phytoplankton1 spp.",82.2223,170,"spp1"
"221","HMK019",1977,8.359595,-0.178290242815783,"Phytoplankton1 spp.",94.9844,170,"spp1"
"225","HMK019",1978,7.85678,-0.711697407408732,"Phytoplankton1 spp.",107.708,170,"spp1"
"227","HMK019",1979,7.3365725,-1.26355526283267,"Phytoplankton1 spp.",108.8071,170,"spp1"
"233","HMK019",1980,7.6910175,-0.887545194608476,"Phytoplankton1 spp.",94.99155,170,"spp1"
"237","HMK019",1981,8.156605,-0.393630517749354,"Phytoplankton1 spp.",98.415,170,"spp1"
"241","HMK019",1982,8.53609,0.00894302889415449,"Phytoplankton1 spp.",102.1298,170,"spp1"
"245","HMK019",1983,8.4918225,-0.0380177850406296,"Phytoplankton1 spp.",100.1954,170,"spp1"
"249","HMK019",1984,6.92225,-1.70308588533212,"Phytoplankton1 spp.",104.29995,170,"spp1"
"251","HMK019",1985,7.83898,-0.730580391269108,"Phytoplankton1 spp.",101.50345,170,"spp1"
"252","HMK019",1986,7.24836,-1.35713476922499,"Phytoplankton1 spp.",79.49615,170,"spp1"
"258","HMK019",1987,6.5518175,-2.09605616167248,"Phytoplankton1 spp.",100.87045,170,"spp1"
"261","HMK019",1988,8.0685125,-0.487082723126885,"Phytoplankton1 spp.",94.3999,170,"spp1"
"266","HMK019",1989,8.588875,0.0649395627744859,"Phytoplankton1 spp.",102.39595,170,"spp1"
"269","HMK019",1990,8.91536,0.411288494552832,"Phytoplankton1 spp.",76.9364,170,"spp1"
"271","HMK019",1991,9.5415075,1.0755319291997,"Phytoplankton1 spp.",73.9246,170,"spp1"
"276","HMK019",1992,8.3508225,-0.187596477417758,"Phytoplankton1 spp.",93.1373,170,"spp1"
"280","HMK019",1993,8.6416775,0.120954661386141,"Phytoplankton1 spp.",67.89555,170,"spp1"
"283","HMK019",1994,9.06527,0.570319287278047,"Phytoplankton1 spp.",84.0984,170,"spp1"
"287","HMK019",1995,8.341965,-0.196992883571874,"Phytoplankton1 spp.",100.27695,170,"spp1"
"294","HMK019",1996,8.7742025,0.261542719593792,"Phytoplankton1 spp.",101.441,170,"spp1"
"298","HMK019",1997,6.9929825,-1.6280498934274,"Phytoplankton1 spp.",73.538,170,"spp1"
"301","HMK019",1998,9.082635,0.588740804959812,"Phytoplankton1 spp.",89.07065,170,"spp1"
"303","HMK019",1999,9.2683325,0.785736473241384,"Phytoplankton1 spp.",92.10455,170,"spp1"
"310","HMK019",2000,9.665065,1.20660688865634,"Phytoplankton1 spp.",84.13685,170,"spp1"
"311","HMK019",2001,9.4439775,0.972068029429899,"Phytoplankton1 spp.",96.441,170,"spp1"
"318","HMK019",2002,7.9976175,-0.562291101822464,"Phytoplankton1 spp.",86.2943,170,"spp1"
"322","HMK019",2003,9.735455,1.28127954224802,"Phytoplankton1 spp.",85.219,170,"spp1"
"324","HMK019",2004,10.04422,1.60883035750918,"Phytoplankton1 spp.",86.1,170,"spp1"
"327","HMK019",2005,9.64693,1.18736852279635,"Phytoplankton1 spp.",83.508,170,"spp1"
"332","HMK019",2006,9.329495,0.850620209216676,"Phytoplankton1 spp.",83.95085,170,"spp1"
"334","HMK019",2007,9.056305,0.560808840631515,"Phytoplankton1 spp.",89.35265,170,"spp1"
"335","HMK019",2008,10.8643025,2.47880814468199,"Phytoplankton1 spp.",83.10485,170,"spp1"
"340","HMK023",1999,4.926666667,0.0543110845483733,"Bombus spp.",115.5,175,"spp1"
"341","HMK023",2000,5.186666667,0.364424374822511,"Bombus spp.",121,175,"spp1"
"343","HMK023",2001,5.353333333,0.5632149447159,"Bombus spp.",116,175,"spp1"
"345","HMK023",2002,6.546666667,1.98655543164108,"Bombus spp.",111,175,"spp1"
"348","HMK023",2003,5.166666667,0.340569506339886,"Bombus spp.",115,175,"spp1"
"350","HMK023",2004,4.87,-0.0132777098833149,"Bombus spp.",116,175,"spp1"
"352","HMK023",2005,4.563333333,-0.379052360347829,"Bombus spp.",121,175,"spp1"
"353","HMK023",2006,4.18,-0.836270672533914,"Bombus spp.",120.5,175,"spp1"
"355","HMK023",2007,4.836666667,-0.0530358236234436,"Bombus spp.",115,175,"spp1"
"357","HMK023",2008,5.94,1.26295775393718,"Bombus spp.",114,175,"spp1"
"359","HMK023",2009,5.766666667,1.05621556081867,"Bombus spp.",116.5,175,"spp1"
"362","HMK023",2010,4.056666667,-0.983375694445859,"Bombus spp.",116,175,"spp1"
"363","HMK023",2011,4.95,0.0821417640471893,"Bombus spp.",124.5,175,"spp1"
"366","HMK023",2012,4.48,-0.478447645294522,"Bombus spp.",123,175,"spp1"
"339","HMK023",1999,4.926666667,0.0543110845483733,"Corydalis ambigua",113,175,"spp2"
"342","HMK023",2000,5.186666667,0.364424374822511,"Corydalis ambigua",121,175,"spp2"
"344","HMK023",2001,5.353333333,0.5632149447159,"Corydalis ambigua",116,175,"spp2"
"346","HMK023",2002,6.546666667,1.98655543164108,"Corydalis ambigua",104,175,"spp2"
"347","HMK023",2003,5.166666667,0.340569506339886,"Corydalis ambigua",111,175,"spp2"
"349","HMK023",2004,4.87,-0.0132777098833149,"Corydalis ambigua",111,175,"spp2"
"351","HMK023",2005,4.563333333,-0.379052360347829,"Corydalis ambigua",118,175,"spp2"
"354","HMK023",2006,4.18,-0.836270672533914,"Corydalis ambigua",117,175,"spp2"
"356","HMK023",2007,4.836666667,-0.0530358236234436,"Corydalis ambigua",115,175,"spp2"
"358","HMK023",2008,5.94,1.26295775393718,"Corydalis ambigua",109,175,"spp2"
"360","HMK023",2009,5.766666667,1.05621556081867,"Corydalis ambigua",117,175,"spp2"
"361","HMK023",2010,4.056666667,-0.983375694445859,"Corydalis ambigua",125,175,"spp2"
"364","HMK023",2011,4.95,0.0821417640471893,"Corydalis ambigua",124.5,175,"spp2"
"365","HMK023",2012,4.48,-0.478447645294522,"Corydalis ambigua",122,175,"spp2"
"367","HMK028",1961,782.853,2.01257063659624,"Operophtera brumata",140.5084,180,"spp1"
"370","HMK028",1962,522.991,-1.61552837848345,"Operophtera brumata",165.6977,180,"spp1"
"371","HMK028",1963,622.379,-0.227909161704002,"Operophtera brumata",159.5276,180,"spp1"
"373","HMK028",1964,519.012,-1.67108173365274,"Operophtera brumata",201.3834,180,"spp1"
"375","HMK028",1965,644.975,0.0875679967290924,"Operophtera brumata",149.6574,180,"spp1"
"378","HMK028",1966,579.995,-0.819659200782966,"Operophtera brumata",155.5865,180,"spp1"
"380","HMK028",1967,630.172,-0.119106121534542,"Operophtera brumata",157.5645,180,"spp1"
"381","HMK028",1968,646.883,0.114206800866566,"Operophtera brumata",159.4319,180,"spp1"
"384","HMK028",1969,549.421,-1.24652230230241,"Operophtera brumata",159.4228,180,"spp1"
"386","HMK028",1970,519.872,-1.65907472549853,"Operophtera brumata",156.5864,180,"spp1"
"387","HMK028",1971,573.989,-0.903512794938974,"Operophtera brumata",156.5891,180,"spp1"
"392","HMK028",1975,545.361,-1.30320655010018,"Operophtera brumata",159.5639,180,"spp1"
"402","HMK028",1983,599.332,-0.549683018599361,"Operophtera brumata",162.9218,180,"spp1"
"404","HMK028",1984,606.181,-0.454059764124751,"Operophtera brumata",162.5678,180,"spp1"
"405","HMK028",1985,520.53,-1.64988796809682,"Operophtera brumata",157.7434,180,"spp1"
"407","HMK028",1986,611.06,-0.385940935305711,"Operophtera brumata",165.6478,180,"spp1"
"410","HMK028",1987,632.693,-0.0839088336778502,"Operophtera brumata",152.688,180,"spp1"
"412","HMK028",1988,643.5,0.0669745815808883,"Operophtera brumata",153.6916,180,"spp1"
"417","HMK028",1993,639.463,0.010611451443058,"Operophtera brumata",150.3609,180,"spp1"
"419","HMK028",1994,693.573,0.766075650540895,"Operophtera brumata",152.339,180,"spp1"
"421","HMK028",1995,592.176,-0.649592495752273,"Operophtera brumata",145.3051,180,"spp1"
"424","HMK028",1996,769.32,1.82362779781615,"Operophtera brumata",163.3453,180,"spp1"
"426","HMK028",1997,654.144,0.215582249945283,"Operophtera brumata",142.348,180,"spp1"
"427","HMK028",1998,705.305,0.9298735803841,"Operophtera brumata",147.2886,180,"spp1"
"430","HMK028",1999,652.133,0.187505397156783,"Operophtera brumata",145.1934,180,"spp1"
"432","HMK028",2000,591.09,-0.664754833956307,"Operophtera brumata",146.3201,180,"spp1"
"434","HMK028",2001,768.234,1.80846545961211,"Operophtera brumata",153.3475,180,"spp1"
"435","HMK028",2002,779.039,1.95932095159607,"Operophtera brumata",143.2277,180,"spp1"
"437","HMK028",2003,708.156,0.969678208579035,"Operophtera brumata",142.2436,180,"spp1"
"440","HMK028",2004,697.306,0.818194442912588,"Operophtera brumata",147.3204,180,"spp1"
"441","HMK028",2005,629.373,-0.130261469808044,"Operophtera brumata",147.3108,180,"spp1"
"444","HMK028",2006,816.36,2.48038322057649,"Operophtera brumata",150.277,180,"spp1"
"368","HMK028",1961,782.853,2.01257063659624,"Parus2 major",112.7814,180,"spp2"
"369","HMK028",1962,522.991,-1.61552837848345,"Parus2 major",123.9555,180,"spp2"
"372","HMK028",1963,622.379,-0.227909161704002,"Parus2 major",119.9474,180,"spp2"
"374","HMK028",1964,519.012,-1.67108173365274,"Parus2 major",125.8057,180,"spp2"
"376","HMK028",1965,644.975,0.0875679967290924,"Parus2 major",121.0405,180,"spp2"
"377","HMK028",1966,579.995,-0.819659200782966,"Parus2 major",125.8988,180,"spp2"
"379","HMK028",1967,630.172,-0.119106121534542,"Parus2 major",120.3117,180,"spp2"
"382","HMK028",1968,646.883,0.114206800866566,"Parus2 major",122.6478,180,"spp2"
"383","HMK028",1969,549.421,-1.24652230230241,"Parus2 major",126.0202,180,"spp2"
"385","HMK028",1970,519.872,-1.65907472549853,"Parus2 major",126.5061,180,"spp2"
"388","HMK028",1971,573.989,-0.903512794938974,"Parus2 major",125.0486,180,"spp2"
"389","HMK028",1972,672.393,0.470368170650078,"Parus2 major",120.0972,180,"spp2"
"390","HMK028",1973,626.112,-0.175790369332311,"Parus2 major",122.7409,180,"spp2"
"391","HMK028",1974,618.216,-0.286031458152797,"Parus2 major",123.3482,180,"spp2"
"393","HMK028",1975,545.361,-1.30320655010018,"Parus2 major",123.4696,180,"spp2"
"394","HMK028",1976,609.318,-0.410262107636674,"Parus2 major",122.2834,180,"spp2"
"395","HMK028",1977,609.296,-0.410569263659222,"Parus2 major",123.9555,180,"spp2"
"396","HMK028",1978,592.545,-0.644440651555876,"Parus2 major",125.8988,180,"spp2"
"397","HMK028",1979,565.951,-1.01573643626864,"Parus2 major",126.6275,180,"spp2"
"398","HMK028",1980,619.079,-0.273982565086425,"Parus2 major",116.8178,180,"spp2"
"399","HMK028",1981,649.572,0.151749643804545,"Parus2 major",119.583,180,"spp2"
"400","HMK028",1982,660.375,0.302577212513729,"Parus2 major",118.9757,180,"spp2"
"401","HMK028",1983,599.332,-0.549683018599361,"Parus2 major",120.5547,180,"spp2"
"403","HMK028",1984,606.181,-0.454059764124751,"Parus2 major",129.9352,180,"spp2"
"406","HMK028",1985,520.53,-1.64988796809682,"Parus2 major",116.9109,180,"spp2"
"408","HMK028",1986,611.06,-0.385940935305711,"Parus2 major",130.1498,180,"spp2"
"409","HMK028",1987,632.693,-0.0839088336778502,"Parus2 major",113.6316,180,"spp2"
"411","HMK028",1988,643.5,0.0669745815808883,"Parus2 major",124.7126,180,"spp2"
"413","HMK028",1989,719.268,1.1248199232413,"Parus2 major",114.1174,180,"spp2"
"414","HMK028",1990,665.113,0.368727450460977,"Parus2 major",108.166,180,"spp2"
"415","HMK028",1991,670.997,0.450877724855573,"Parus2 major",115.9393,180,"spp2"
"416","HMK028",1992,655.23,0.230744588149316,"Parus2 major",116.9393,180,"spp2"
"418","HMK028",1993,639.463,0.010611451443058,"Parus2 major",112.5385,180,"spp2"
"420","HMK028",1994,693.573,0.766075650540895,"Parus2 major",118.6113,180,"spp2"
"422","HMK028",1995,592.176,-0.649592495752273,"Parus2 major",109.9879,180,"spp2"
"423","HMK028",1996,769.32,1.82362779781615,"Parus2 major",121.4332,180,"spp2"
"425","HMK028",1997,654.144,0.215582249945283,"Parus2 major",104.5223,180,"spp2"
"428","HMK028",1998,705.305,0.9298735803841,"Parus2 major",116.9109,180,"spp2"
"429","HMK028",1999,652.133,0.187505397156783,"Parus2 major",114.1174,180,"spp2"
"431","HMK028",2000,591.09,-0.664754833956307,"Parus2 major",117.5466,180,"spp2"
"433","HMK028",2001,768.234,1.80846545961211,"Parus2 major",122.9838,180,"spp2"
"436","HMK028",2002,779.039,1.95932095159607,"Parus2 major",104.8866,180,"spp2"
"438","HMK028",2003,708.156,0.969678208579035,"Parus2 major",115.0891,180,"spp2"
"439","HMK028",2004,697.306,0.818194442912588,"Parus2 major",111.2308,180,"spp2"
"442","HMK028",2005,629.373,-0.130261469808044,"Parus2 major",113.996,180,"spp2"
"443","HMK028",2006,816.36,2.48038322057649,"Parus2 major",117.0324,180,"spp2"
"446","HMK034",1973,5.5,0.0281432495547439,"Cyclops vicinus",120,191,"spp2"
"447","HMK034",1974,6.220237,1.25618015062935,"Cyclops vicinus",127.7585,191,"spp2"
"449","HMK034",1975,5.885416,0.685295090219094,"Cyclops vicinus",141.724,191,"spp2"
"453","HMK034",1977,5.91667,0.738584584241458,"Cyclops vicinus",131.379,191,"spp2"
"454","HMK034",1978,5.375,-0.184987445805707,"Cyclops vicinus",144.828,191,"spp2"
"457","HMK034",1980,5.45833,-0.0429059990506159,"Cyclops vicinus",136.552,191,"spp2"
"459","HMK034",1981,5.625,0.241273944915195,"Cyclops vicinus",127.241,191,"spp2"
"461","HMK034",1983,5.16667,-0.54019958792125,"Cyclops vicinus",133.448,191,"spp2"
"464","HMK034",1984,4.625,-1.46377161796842,"Cyclops vicinus",176.897,191,"spp2"
"465","HMK034",1986,4.541665,-1.60586158995132,"Cyclops vicinus",137.586,191,"spp2"
"467","HMK034",1988,5.9375,0.774100683316323,"Cyclops vicinus",125.172,191,"spp2"
"471","HMK034",1992,5.354165,-0.220512070108387,"Cyclops vicinus",131.379,191,"spp2"
"473","HMK034",1993,5.875,0.667535335636098,"Cyclops vicinus",117.931,191,"spp2"
"474","HMK034",1994,5.875,0.667535335636098,"Cyclops vicinus",129.31,191,"spp2"
"445","HMK034",1972,5.0833,-0.682349236498856,"Phytoplankton2 spp.",82.2414,191,"spp1"
"448","HMK034",1974,6.220237,1.25618015062935,"Phytoplankton2 spp.",117.931,191,"spp1"
"450","HMK034",1975,5.885416,0.685295090219094,"Phytoplankton2 spp.",100.345,191,"spp1"
"451","HMK034",1976,5.760418,0.472167804949767,"Phytoplankton2 spp.",96.2069,191,"spp1"
"452","HMK034",1977,5.91667,0.738584584241458,"Phytoplankton2 spp.",106.5515,191,"spp1"
"455","HMK034",1978,5.375,-0.184987445805707,"Phytoplankton2 spp.",114.828,191,"spp1"
"456","HMK034",1980,5.45833,-0.0429059990506159,"Phytoplankton2 spp.",108.621,191,"spp1"
"458","HMK034",1981,5.625,0.241273944915195,"Phytoplankton2 spp.",95.1724,191,"spp1"
"460","HMK034",1982,5.20833,-0.469167389771518,"Phytoplankton2 spp.",118.966,191,"spp1"
"462","HMK034",1983,5.16667,-0.54019958792125,"Phytoplankton2 spp.",102.414,191,"spp1"
"463","HMK034",1984,4.625,-1.46377161796842,"Phytoplankton2 spp.",121.034,191,"spp1"
"466","HMK034",1986,4.541665,-1.60586158995132,"Phytoplankton2 spp.",116.897,191,"spp1"
"468","HMK034",1988,5.9375,0.774100683316323,"Phytoplankton2 spp.",93.1034,191,"spp1"
"469","HMK034",1990,6,0.880666030996549,"Phytoplankton2 spp.",96.2069,191,"spp1"
"470","HMK034",1992,5.354165,-0.220512070108387,"Phytoplankton2 spp.",101.379,191,"spp1"
"472","HMK034",1993,5.875,0.667535335636098,"Phytoplankton2 spp.",88.9655,191,"spp1"
"475","HMK034",1994,5.875,0.667535335636098,"Phytoplankton2 spp.",87.931,191,"spp1"
"476","HMK035",1951,155,-0.347915132637223,"Acartia hudsonica",120.852,192,"spp1"
"478","HMK035",1958,169,1.25145592485927,"Acartia hudsonica",119.951,192,"spp1"
"479","HMK035",1973,164,0.68025197575338,"Acartia hudsonica",108.348,192,"spp1"
"482","HMK035",1976,159,0.10904802664749,"Acartia hudsonica",80.741,192,"spp1"
"483","HMK035",1982,166,0.908733555395737,"Acartia hudsonica",137.629,192,"spp1"
"484","HMK035",1983,166,0.908733555395737,"Acartia hudsonica",94.353,192,"spp1"
"486","HMK035",2000,157,-0.119433552994867,"Acartia hudsonica",76.3805,192,"spp1"
"487","HMK035",2001,152,-0.690637502100757,"Acartia hudsonica",68.0207,192,"spp1"
"490","HMK035",2002,152.5,-0.633517107190168,"Acartia hudsonica",43.51815,192,"spp1"
"492","HMK035",2003,160,0.223288816468668,"Acartia hudsonica",66.3638,192,"spp1"
"494","HMK035",2004,138,-2.29000855959725,"Acartia hudsonica",80.4109,192,"spp1"
"477","HMK035",1951,155,-0.347915132637223,"Mnemiopsis2 leidyi",217.44,192,"spp2"
"480","HMK035",1973,164,0.68025197575338,"Mnemiopsis2 leidyi",194.85,192,"spp2"
"481","HMK035",1976,159,0.10904802664749,"Mnemiopsis2 leidyi",207.656,192,"spp2"
"485","HMK035",2000,157,-0.119433552994867,"Mnemiopsis2 leidyi",175.688,192,"spp2"
"488","HMK035",2001,152,-0.690637502100757,"Mnemiopsis2 leidyi",171.263,192,"spp2"
"489","HMK035",2002,152.5,-0.633517107190168,"Mnemiopsis2 leidyi",138.1635,192,"spp2"
"491","HMK035",2003,160,0.223288816468668,"Mnemiopsis2 leidyi",164.859,192,"spp2"
"493","HMK035",2004,138,-2.29000855959725,"Mnemiopsis2 leidyi",158.628,192,"spp2"
"496","HMK036",1975,5.67674,1.17970393913977,"Copepod1 spp.",125.5891,193,"spp2"
"497","HMK036",1976,3.80967,-0.292848849072534,"Copepod1 spp.",118.188,193,"spp2"
"500","HMK036",1977,4.02719,-0.121291444962382,"Copepod1 spp.",132.5079,193,"spp2"
"502","HMK036",1978,4.13595,-0.0355127429073059,"Copepod1 spp.",111.8684,193,"spp2"
"503","HMK036",1979,1.54381,-2.07992617381062,"Copepod1 spp.",139.9566,193,"spp2"
"506","HMK036",1980,3.9003,-0.221369226350471,"Copepod1 spp.",104.4869,193,"spp2"
"507","HMK036",1981,3.59214,-0.464414140154188,"Copepod1 spp.",132.58,193,"spp2"
"509","HMK036",1982,2.81269,-1.07916413387273,"Copepod1 spp.",97.6353,193,"spp2"
"511","HMK036",1983,4.6435,0.364790495673549,"Copepod1 spp.",118.8369,193,"spp2"
"513","HMK036",1984,3.82779,-0.278557656711023,"Copepod1 spp.",105.0868,193,"spp2"
"515","HMK036",1985,2.2145,-1.55095488214715,"Copepod1 spp.",125.7606,193,"spp2"
"517","HMK036",1986,2.12387,-1.62243450486921,"Copepod1 spp.",153.3245,193,"spp2"
"519","HMK036",1987,1.92447,-1.77970071661785,"Copepod1 spp.",133.2121,193,"spp2"
"522","HMK036",1988,5.44109,0.993847455696609,"Copepod1 spp.",118.9342,193,"spp2"
"523","HMK036",1989,5.93051,1.37985161494445,"Copepod1 spp.",126.3626,193,"spp2"
"525","HMK036",1990,6.34743,1.70867523080324,"Copepod1 spp.",98.3045,193,"spp2"
"527","HMK036",1991,4.04532,-0.106992365629369,"Copepod1 spp.",112.0952,193,"spp2"
"530","HMK036",1992,4.98792,0.636433568143292,"Copepod1 spp.",90.923,193,"spp2"
"532","HMK036",1993,4.40786,0.178941899201886,"Copepod1 spp.",112.1295,193,"spp2"
"534","HMK036",1994,4.22659,0.0359747667862583,"Copepod1 spp.",112.147,193,"spp2"
"536","HMK036",1995,5.24169,0.836581243947968,"Copepod1 spp.",104.7508,193,"spp2"
"537","HMK036",1996,1.83384,-1.85118033933992,"Copepod1 spp.",132.8439,193,"spp2"
"540","HMK036",1997,3.44713,-0.578783113903788,"Copepod1 spp.",91.0098,193,"spp2"
"542","HMK036",1998,5.22357,0.822290051586457,"Copepod1 spp.",105.3325,193,"spp2"
"544","HMK036",1999,4.95166,0.607835409477265,"Copepod1 spp.",112.2366,193,"spp2"
"546","HMK036",2000,5.24169,0.836581243947968,"Copepod1 spp.",105.3703,193,"spp2"
"548","HMK036",2001,4.91541,0.57924513778274,"Copepod1 spp.",126.042,193,"spp2"
"550","HMK036",2002,5.56798,1.0939252370847,"Copepod1 spp.",84.2107,193,"spp2"
"551","HMK036",2003,4.26284,0.0645650384807829,"Copepod1 spp.",104.8873,193,"spp2"
"553","HMK036",2004,4.86103,0.536355786755203,"Copepod1 spp.",105.4347,193,"spp2"
"495","HMK036",1975,5.67674,1.17970393913977,"Diatom3 spp.",43.9024,193,"spp1"
"498","HMK036",1976,3.80967,-0.292848849072534,"Diatom3 spp.",66.3415,193,"spp1"
"499","HMK036",1977,4.02719,-0.121291444962382,"Diatom3 spp.",60.9756,193,"spp1"
"501","HMK036",1978,4.13595,-0.0355127429073059,"Diatom3 spp.",53.1707,193,"spp1"
"504","HMK036",1979,1.54381,-2.07992617381062,"Diatom3 spp.",68.2927,193,"spp1"
"505","HMK036",1980,3.9003,-0.221369226350471,"Diatom3 spp.",81.9512,193,"spp1"
"508","HMK036",1981,3.59214,-0.464414140154188,"Diatom3 spp.",47.8049,193,"spp1"
"510","HMK036",1982,2.81269,-1.07916413387273,"Diatom3 spp.",81.9512,193,"spp1"
"512","HMK036",1983,4.6435,0.364790495673549,"Diatom3 spp.",75.6098,193,"spp1"
"514","HMK036",1984,3.82779,-0.278557656711023,"Diatom3 spp.",44.878,193,"spp1"
"516","HMK036",1985,2.2145,-1.55095488214715,"Diatom3 spp.",77.561,193,"spp1"
"518","HMK036",1986,2.12387,-1.62243450486921,"Diatom3 spp.",55.6098,193,"spp1"
"520","HMK036",1987,1.92447,-1.77970071661785,"Diatom3 spp.",67.3171,193,"spp1"
"521","HMK036",1988,5.44109,0.993847455696609,"Diatom3 spp.",68.2927,193,"spp1"
"524","HMK036",1989,5.93051,1.37985161494445,"Diatom3 spp.",55.122,193,"spp1"
"526","HMK036",1990,6.34743,1.70867523080324,"Diatom3 spp.",62.9268,193,"spp1"
"528","HMK036",1991,4.04532,-0.106992365629369,"Diatom3 spp.",69.7561,193,"spp1"
"529","HMK036",1992,4.98792,0.636433568143292,"Diatom3 spp.",58.0488,193,"spp1"
"531","HMK036",1993,4.40786,0.178941899201886,"Diatom3 spp.",71.7073,193,"spp1"
"533","HMK036",1994,4.22659,0.0359747667862583,"Diatom3 spp.",55.6098,193,"spp1"
"535","HMK036",1995,5.24169,0.836581243947968,"Diatom3 spp.",51.2195,193,"spp1"
"538","HMK036",1996,1.83384,-1.85118033933992,"Diatom3 spp.",84.3902,193,"spp1"
"539","HMK036",1997,3.44713,-0.578783113903788,"Diatom3 spp.",65.8537,193,"spp1"
"541","HMK036",1998,5.22357,0.822290051586457,"Diatom3 spp.",50.2439,193,"spp1"
"543","HMK036",1999,4.95166,0.607835409477265,"Diatom3 spp.",69.2683,193,"spp1"
"545","HMK036",2000,5.24169,0.836581243947968,"Diatom3 spp.",58.5366,193,"spp1"
"547","HMK036",2001,4.91541,0.57924513778274,"Diatom3 spp.",74.6341,193,"spp1"
"549","HMK036",2002,5.56798,1.0939252370847,"Diatom3 spp.",48.2927,193,"spp1"
"552","HMK036",2003,4.26284,0.0645650384807829,"Diatom3 spp.",61.4634,193,"spp1"
"554","HMK036",2004,4.86103,0.536355786755203,"Diatom3 spp.",61.4634,193,"spp1"
"555","HMK036",2005,4.44411,0.20753217089641,"Diatom3 spp.",37.561,193,"spp1"
"557","HMK038",1980,9.590323,-1.7976491214551,"Ficedula2 albicollis",138.636,197,"spp1"
"569","HMK038",1981,12.793548,-0.363640232457865,"Ficedula2 albicollis",134.773,197,"spp1"
"574","HMK038",1982,12.622581,-0.44017815836853,"Ficedula2 albicollis",138.182,197,"spp1"
"581","HMK038",1983,13.596774,-0.00405474474666999,"Ficedula2 albicollis",127.955,197,"spp1"
"588","HMK038",1984,10.358065,-1.45394899035082,"Ficedula2 albicollis",136.364,197,"spp1"
"600","HMK038",1985,18.877419,2.35996647438055,"Ficedula2 albicollis",132.955,197,"spp1"
"609","HMK038",1986,14.829032,0.547598331617917,"Ficedula2 albicollis",131.364,197,"spp1"
"615","HMK038",1987,11.077419,-1.13191103474804,"Ficedula2 albicollis",134.091,197,"spp1"
"624","HMK038",1988,14.783871,0.527380808516666,"Ficedula2 albicollis",130.909,197,"spp1"
"633","HMK038",1989,12.558065,-0.469060462135061,"Ficedula2 albicollis",130.227,197,"spp1"
"642","HMK038",1990,12.880645,-0.324648943302407,"Ficedula2 albicollis",132.955,197,"spp1"
"647","HMK038",1991,9.512903,-1.83230824411622,"Ficedula2 albicollis",134.773,197,"spp1"
"659","HMK038",1992,14.287097,0.304986711373096,"Ficedula2 albicollis",130.682,197,"spp1"
"665","HMK038",1993,15.864516,1.01116029195926,"Ficedula2 albicollis",126.364,197,"spp1"
"670","HMK038",1994,12.474194,-0.506607546566871,"Ficedula2 albicollis",125.227,197,"spp1"
"680","HMK038",1995,12.290323,-0.588922291372125,"Ficedula2 albicollis",130.227,197,"spp1"
"687","HMK038",1996,13.306452,-0.134025111696058,"Ficedula2 albicollis",129.545,197,"spp1"
"696","HMK038",1997,13.912903,0.137468812315293,"Ficedula2 albicollis",130.682,197,"spp1"
"704","HMK038",1998,12.696774,-0.406963688107661,"Ficedula2 albicollis",129.091,197,"spp1"
"708","HMK038",1999,12.819355,-0.35208704234529,"Ficedula2 albicollis",129.545,197,"spp1"
"719","HMK038",2000,14.919355,0.588033825497022,"Ficedula2 albicollis",126.364,197,"spp1"
"724","HMK038",2001,15.558065,0.873969349068243,"Ficedula2 albicollis",126.818,197,"spp1"
"739","HMK038",2002,17.009677,1.52382207916839,"Ficedula2 albicollis",127.045,197,"spp1"
"745","HMK038",2003,16.835484,1.44583994853408,"Ficedula2 albicollis",126.818,197,"spp1"
"754","HMK038",2004,12.996774,-0.272660706987331,"Ficedula2 albicollis",128.409,197,"spp1"
"763","HMK038",2005,15.3,0.758439686325517,"Ficedula2 albicollis",130.682,197,"spp1"
"558","HMK038",1980,9.590323,-1.7976491214551,"Glis glis",158.314,198,"spp2"
"560","HMK038",1980,9.590323,-1.7976491214551,"Glis glis",158.314,199,"spp2"
"561","HMK038",1980,9.590323,-1.7976491214551,"Glis glis",158.314,197,"spp2"
"563","HMK038",1980,9.590323,-1.7976491214551,"Glis glis",158.314,200,"spp2"
"565","HMK038",1981,12.793548,-0.363640232457865,"Glis glis",160.831,198,"spp2"
"567","HMK038",1981,12.793548,-0.363640232457865,"Glis glis",160.831,199,"spp2"
"568","HMK038",1981,12.793548,-0.363640232457865,"Glis glis",160.831,197,"spp2"
"571","HMK038",1981,12.793548,-0.363640232457865,"Glis glis",160.831,200,"spp2"
"575","HMK038",1982,12.622581,-0.44017815836853,"Glis glis",137.909,198,"spp2"
"576","HMK038",1982,12.622581,-0.44017815836853,"Glis glis",137.909,197,"spp2"
"578","HMK038",1982,12.622581,-0.44017815836853,"Glis glis",137.909,200,"spp2"
"579","HMK038",1982,12.622581,-0.44017815836853,"Glis glis",137.909,199,"spp2"
"582","HMK038",1983,13.596774,-0.00405474474666999,"Glis glis",145.28,198,"spp2"
"583","HMK038",1983,13.596774,-0.00405474474666999,"Glis glis",145.28,199,"spp2"
"585","HMK038",1983,13.596774,-0.00405474474666999,"Glis glis",145.28,197,"spp2"
"587","HMK038",1983,13.596774,-0.00405474474666999,"Glis glis",145.28,200,"spp2"
"590","HMK038",1984,10.358065,-1.45394899035082,"Glis glis",148.299,197,"spp2"
"592","HMK038",1984,10.358065,-1.45394899035082,"Glis glis",148.299,200,"spp2"
"593","HMK038",1984,10.358065,-1.45394899035082,"Glis glis",148.299,198,"spp2"
"594","HMK038",1984,10.358065,-1.45394899035082,"Glis glis",148.299,199,"spp2"
"596","HMK038",1985,18.877419,2.35996647438055,"Glis glis",151.988,197,"spp2"
"599","HMK038",1985,18.877419,2.35996647438055,"Glis glis",151.988,199,"spp2"
"601","HMK038",1985,18.877419,2.35996647438055,"Glis glis",151.988,198,"spp2"
"602","HMK038",1985,18.877419,2.35996647438055,"Glis glis",151.988,200,"spp2"
"604","HMK038",1986,14.829032,0.547598331617917,"Glis glis",146.806,197,"spp2"
"606","HMK038",1986,14.829032,0.547598331617917,"Glis glis",146.806,199,"spp2"
"608","HMK038",1986,14.829032,0.547598331617917,"Glis glis",146.806,200,"spp2"
"610","HMK038",1986,14.829032,0.547598331617917,"Glis glis",146.806,198,"spp2"
"614","HMK038",1987,11.077419,-1.13191103474804,"Glis glis",150.662,197,"spp2"
"616","HMK038",1987,11.077419,-1.13191103474804,"Glis glis",150.662,199,"spp2"
"617","HMK038",1987,11.077419,-1.13191103474804,"Glis glis",150.662,198,"spp2"
"618","HMK038",1987,11.077419,-1.13191103474804,"Glis glis",150.662,200,"spp2"
"621","HMK038",1988,14.783871,0.527380808516666,"Glis glis",141.129,198,"spp2"
"623","HMK038",1988,14.783871,0.527380808516666,"Glis glis",141.129,197,"spp2"
"625","HMK038",1988,14.783871,0.527380808516666,"Glis glis",141.129,199,"spp2"
"627","HMK038",1988,14.783871,0.527380808516666,"Glis glis",141.129,200,"spp2"
"628","HMK038",1989,12.558065,-0.469060462135061,"Glis glis",151.177,198,"spp2"
"629","HMK038",1989,12.558065,-0.469060462135061,"Glis glis",151.177,197,"spp2"
"634","HMK038",1989,12.558065,-0.469060462135061,"Glis glis",151.177,199,"spp2"
"635","HMK038",1989,12.558065,-0.469060462135061,"Glis glis",151.177,200,"spp2"
"637","HMK038",1990,12.880645,-0.324648943302407,"Glis glis",145.829,197,"spp2"
"638","HMK038",1990,12.880645,-0.324648943302407,"Glis glis",145.829,198,"spp2"
"640","HMK038",1990,12.880645,-0.324648943302407,"Glis glis",145.829,199,"spp2"
"643","HMK038",1990,12.880645,-0.324648943302407,"Glis glis",145.829,200,"spp2"
"644","HMK038",1991,9.512903,-1.83230824411622,"Glis glis",152.697,198,"spp2"
"645","HMK038",1991,9.512903,-1.83230824411622,"Glis glis",152.697,199,"spp2"
"646","HMK038",1991,9.512903,-1.83230824411622,"Glis glis",152.697,197,"spp2"
"649","HMK038",1991,9.512903,-1.83230824411622,"Glis glis",152.697,200,"spp2"
"652","HMK038",1992,14.287097,0.304986711373096,"Glis glis",145.507,200,"spp2"
"653","HMK038",1992,14.287097,0.304986711373096,"Glis glis",145.507,197,"spp2"
"654","HMK038",1992,14.287097,0.304986711373096,"Glis glis",145.507,198,"spp2"
"655","HMK038",1992,14.287097,0.304986711373096,"Glis glis",145.507,199,"spp2"
"660","HMK038",1993,15.864516,1.01116029195926,"Glis glis",138.485,200,"spp2"
"662","HMK038",1993,15.864516,1.01116029195926,"Glis glis",138.485,199,"spp2"
"663","HMK038",1993,15.864516,1.01116029195926,"Glis glis",138.485,197,"spp2"
"667","HMK038",1993,15.864516,1.01116029195926,"Glis glis",138.485,198,"spp2"
"669","HMK038",1994,12.474194,-0.506607546566871,"Glis glis",144.852,200,"spp2"
"671","HMK038",1994,12.474194,-0.506607546566871,"Glis glis",144.852,197,"spp2"
"672","HMK038",1994,12.474194,-0.506607546566871,"Glis glis",144.852,199,"spp2"
"675","HMK038",1994,12.474194,-0.506607546566871,"Glis glis",144.852,198,"spp2"
"676","HMK038",1995,12.290323,-0.588922291372125,"Glis glis",149.544,200,"spp2"
"679","HMK038",1995,12.290323,-0.588922291372125,"Glis glis",149.544,198,"spp2"
"681","HMK038",1995,12.290323,-0.588922291372125,"Glis glis",149.544,199,"spp2"
"683","HMK038",1995,12.290323,-0.588922291372125,"Glis glis",149.544,197,"spp2"
"686","HMK038",1996,13.306452,-0.134025111696058,"Glis glis",153.401,198,"spp2"
"688","HMK038",1996,13.306452,-0.134025111696058,"Glis glis",153.401,197,"spp2"
"690","HMK038",1996,13.306452,-0.134025111696058,"Glis glis",153.401,200,"spp2"
"691","HMK038",1996,13.306452,-0.134025111696058,"Glis glis",153.401,199,"spp2"
"694","HMK038",1997,13.912903,0.137468812315293,"Glis glis",140.017,198,"spp2"
"695","HMK038",1997,13.912903,0.137468812315293,"Glis glis",140.017,197,"spp2"
"697","HMK038",1997,13.912903,0.137468812315293,"Glis glis",140.017,200,"spp2"
"699","HMK038",1997,13.912903,0.137468812315293,"Glis glis",140.017,199,"spp2"
"702","HMK038",1998,12.696774,-0.406963688107661,"Glis glis",140.861,198,"spp2"
"703","HMK038",1998,12.696774,-0.406963688107661,"Glis glis",140.861,199,"spp2"
"705","HMK038",1998,12.696774,-0.406963688107661,"Glis glis",140.861,197,"spp2"
"707","HMK038",1998,12.696774,-0.406963688107661,"Glis glis",140.861,200,"spp2"
"709","HMK038",1999,12.819355,-0.35208704234529,"Glis glis",136.349,197,"spp2"
"712","HMK038",1999,12.819355,-0.35208704234529,"Glis glis",136.349,200,"spp2"
"714","HMK038",1999,12.819355,-0.35208704234529,"Glis glis",136.349,199,"spp2"
"715","HMK038",1999,12.819355,-0.35208704234529,"Glis glis",136.349,198,"spp2"
"716","HMK038",2000,14.919355,0.588033825497022,"Glis glis",142.716,199,"spp2"
"721","HMK038",2000,14.919355,0.588033825497022,"Glis glis",142.716,198,"spp2"
"722","HMK038",2000,14.919355,0.588033825497022,"Glis glis",142.716,197,"spp2"
"723","HMK038",2000,14.919355,0.588033825497022,"Glis glis",142.716,200,"spp2"
"725","HMK038",2001,15.558065,0.873969349068243,"Glis glis",136.363,197,"spp2"
"726","HMK038",2001,15.558065,0.873969349068243,"Glis glis",136.363,200,"spp2"
"727","HMK038",2001,15.558065,0.873969349068243,"Glis glis",136.363,199,"spp2"
"731","HMK038",2001,15.558065,0.873969349068243,"Glis glis",136.363,198,"spp2"
"734","HMK038",2002,17.009677,1.52382207916839,"Glis glis",135.198,198,"spp2"
"735","HMK038",2002,17.009677,1.52382207916839,"Glis glis",135.198,197,"spp2"
"736","HMK038",2002,17.009677,1.52382207916839,"Glis glis",135.198,199,"spp2"
"738","HMK038",2002,17.009677,1.52382207916839,"Glis glis",135.198,200,"spp2"
"743","HMK038",2003,16.835484,1.44583994853408,"Glis glis",128.008,197,"spp2"
"744","HMK038",2003,16.835484,1.44583994853408,"Glis glis",128.008,198,"spp2"
"746","HMK038",2003,16.835484,1.44583994853408,"Glis glis",128.008,199,"spp2"
"747","HMK038",2003,16.835484,1.44583994853408,"Glis glis",128.008,200,"spp2"
"748","HMK038",2004,12.996774,-0.272660706987331,"Glis glis",137.052,198,"spp2"
"751","HMK038",2004,12.996774,-0.272660706987331,"Glis glis",137.052,199,"spp2"
"752","HMK038",2004,12.996774,-0.272660706987331,"Glis glis",137.052,200,"spp2"
"753","HMK038",2004,12.996774,-0.272660706987331,"Glis glis",137.052,197,"spp2"
"757","HMK038",2005,15.3,0.758439686325517,"Glis glis",130.699,200,"spp2"
"758","HMK038",2005,15.3,0.758439686325517,"Glis glis",130.699,197,"spp2"
"759","HMK038",2005,15.3,0.758439686325517,"Glis glis",130.699,199,"spp2"
"760","HMK038",2005,15.3,0.758439686325517,"Glis glis",130.699,198,"spp2"
"556","HMK038",1980,9.590323,-1.7976491214551,"Parus caeruleus",119.318,198,"spp1"
"564","HMK038",1981,12.793548,-0.363640232457865,"Parus caeruleus",110,198,"spp1"
"573","HMK038",1982,12.622581,-0.44017815836853,"Parus caeruleus",122.273,198,"spp1"
"586","HMK038",1983,13.596774,-0.00405474474666999,"Parus caeruleus",117.045,198,"spp1"
"591","HMK038",1984,10.358065,-1.45394899035082,"Parus caeruleus",117.273,198,"spp1"
"597","HMK038",1985,18.877419,2.35996647438055,"Parus caeruleus",112.273,198,"spp1"
"605","HMK038",1986,14.829032,0.547598331617917,"Parus caeruleus",116.818,198,"spp1"
"613","HMK038",1987,11.077419,-1.13191103474804,"Parus caeruleus",117.273,198,"spp1"
"622","HMK038",1988,14.783871,0.527380808516666,"Parus caeruleus",115,198,"spp1"
"632","HMK038",1989,12.558065,-0.469060462135061,"Parus caeruleus",109.773,198,"spp1"
"639","HMK038",1990,12.880645,-0.324648943302407,"Parus caeruleus",106.136,198,"spp1"
"651","HMK038",1991,9.512903,-1.83230824411622,"Parus caeruleus",110,198,"spp1"
"657","HMK038",1992,14.287097,0.304986711373096,"Parus caeruleus",111.818,198,"spp1"
"661","HMK038",1993,15.864516,1.01116029195926,"Parus caeruleus",116.591,198,"spp1"
"668","HMK038",1994,12.474194,-0.506607546566871,"Parus caeruleus",110.455,198,"spp1"
"678","HMK038",1995,12.290323,-0.588922291372125,"Parus caeruleus",119.091,198,"spp1"
"685","HMK038",1996,13.306452,-0.134025111696058,"Parus caeruleus",119.091,198,"spp1"
"693","HMK038",1997,13.912903,0.137468812315293,"Parus caeruleus",118.182,198,"spp1"
"701","HMK038",1998,12.696774,-0.406963688107661,"Parus caeruleus",113.864,198,"spp1"
"711","HMK038",1999,12.819355,-0.35208704234529,"Parus caeruleus",107.273,198,"spp1"
"717","HMK038",2000,14.919355,0.588033825497022,"Parus caeruleus",110.455,198,"spp1"
"729","HMK038",2001,15.558065,0.873969349068243,"Parus caeruleus",115.227,198,"spp1"
"737","HMK038",2002,17.009677,1.52382207916839,"Parus caeruleus",111.364,198,"spp1"
"741","HMK038",2003,16.835484,1.44583994853408,"Parus caeruleus",116.364,198,"spp1"
"750","HMK038",2004,12.996774,-0.272660706987331,"Parus caeruleus",111.364,198,"spp1"
"762","HMK038",2005,15.3,0.758439686325517,"Parus caeruleus",109.773,198,"spp1"
"562","HMK038",1980,9.590323,-1.7976491214551,"Parus3 major",122.045,199,"spp1"
"570","HMK038",1981,12.793548,-0.363640232457865,"Parus3 major",110.455,199,"spp1"
"572","HMK038",1982,12.622581,-0.44017815836853,"Parus3 major",123.636,199,"spp1"
"580","HMK038",1983,13.596774,-0.00405474474666999,"Parus3 major",113.636,199,"spp1"
"589","HMK038",1984,10.358065,-1.45394899035082,"Parus3 major",122.727,199,"spp1"
"598","HMK038",1985,18.877419,2.35996647438055,"Parus3 major",117.5,199,"spp1"
"607","HMK038",1986,14.829032,0.547598331617917,"Parus3 major",117.273,199,"spp1"
"612","HMK038",1987,11.077419,-1.13191103474804,"Parus3 major",115.909,199,"spp1"
"620","HMK038",1988,14.783871,0.527380808516666,"Parus3 major",119.318,199,"spp1"
"631","HMK038",1989,12.558065,-0.469060462135061,"Parus3 major",112.273,199,"spp1"
"641","HMK038",1990,12.880645,-0.324648943302407,"Parus3 major",107.5,199,"spp1"
"650","HMK038",1991,9.512903,-1.83230824411622,"Parus3 major",118.182,199,"spp1"
"656","HMK038",1992,14.287097,0.304986711373096,"Parus3 major",113.182,199,"spp1"
"666","HMK038",1993,15.864516,1.01116029195926,"Parus3 major",118.182,199,"spp1"
"674","HMK038",1994,12.474194,-0.506607546566871,"Parus3 major",112.727,199,"spp1"
"682","HMK038",1995,12.290323,-0.588922291372125,"Parus3 major",119.091,199,"spp1"
"689","HMK038",1996,13.306452,-0.134025111696058,"Parus3 major",116.818,199,"spp1"
"698","HMK038",1997,13.912903,0.137468812315293,"Parus3 major",122.045,199,"spp1"
"706","HMK038",1998,12.696774,-0.406963688107661,"Parus3 major",116.136,199,"spp1"
"710","HMK038",1999,12.819355,-0.35208704234529,"Parus3 major",107.955,199,"spp1"
"720","HMK038",2000,14.919355,0.588033825497022,"Parus3 major",111.591,199,"spp1"
"728","HMK038",2001,15.558065,0.873969349068243,"Parus3 major",117.955,199,"spp1"
"732","HMK038",2002,17.009677,1.52382207916839,"Parus3 major",114.545,199,"spp1"
"742","HMK038",2003,16.835484,1.44583994853408,"Parus3 major",117.955,199,"spp1"
"749","HMK038",2004,12.996774,-0.272660706987331,"Parus3 major",111.136,199,"spp1"
"756","HMK038",2005,15.3,0.758439686325517,"Parus3 major",110.227,199,"spp1"
"559","HMK038",1980,9.590323,-1.7976491214551,"Sitta europaea",108.409,200,"spp1"
"566","HMK038",1981,12.793548,-0.363640232457865,"Sitta europaea",102.5,200,"spp1"
"577","HMK038",1982,12.622581,-0.44017815836853,"Sitta europaea",112.5,200,"spp1"
"584","HMK038",1983,13.596774,-0.00405474474666999,"Sitta europaea",102.955,200,"spp1"
"595","HMK038",1984,10.358065,-1.45394899035082,"Sitta europaea",112.045,200,"spp1"
"603","HMK038",1985,18.877419,2.35996647438055,"Sitta europaea",107.5,200,"spp1"
"611","HMK038",1986,14.829032,0.547598331617917,"Sitta europaea",108.636,200,"spp1"
"619","HMK038",1987,11.077419,-1.13191103474804,"Sitta europaea",104.773,200,"spp1"
"626","HMK038",1988,14.783871,0.527380808516666,"Sitta europaea",108.409,200,"spp1"
"630","HMK038",1989,12.558065,-0.469060462135061,"Sitta europaea",106.818,200,"spp1"
"636","HMK038",1990,12.880645,-0.324648943302407,"Sitta europaea",101.818,200,"spp1"
"648","HMK038",1991,9.512903,-1.83230824411622,"Sitta europaea",109.318,200,"spp1"
"658","HMK038",1992,14.287097,0.304986711373096,"Sitta europaea",104.318,200,"spp1"
"664","HMK038",1993,15.864516,1.01116029195926,"Sitta europaea",107.955,200,"spp1"
"673","HMK038",1994,12.474194,-0.506607546566871,"Sitta europaea",105.909,200,"spp1"
"677","HMK038",1995,12.290323,-0.588922291372125,"Sitta europaea",111.364,200,"spp1"
"684","HMK038",1996,13.306452,-0.134025111696058,"Sitta europaea",109.545,200,"spp1"
"692","HMK038",1997,13.912903,0.137468812315293,"Sitta europaea",114.091,200,"spp1"
"700","HMK038",1998,12.696774,-0.406963688107661,"Sitta europaea",103.409,200,"spp1"
"713","HMK038",1999,12.819355,-0.35208704234529,"Sitta europaea",101.591,200,"spp1"
"718","HMK038",2000,14.919355,0.588033825497022,"Sitta europaea",103.409,200,"spp1"
"730","HMK038",2001,15.558065,0.873969349068243,"Sitta europaea",106.136,200,"spp1"
"733","HMK038",2002,17.009677,1.52382207916839,"Sitta europaea",102.273,200,"spp1"
"740","HMK038",2003,16.835484,1.44583994853408,"Sitta europaea",115,200,"spp1"
"755","HMK038",2004,12.996774,-0.272660706987331,"Sitta europaea",100.682,200,"spp1"
"761","HMK038",2005,15.3,0.758439686325517,"Sitta europaea",104.318,200,"spp1"
"765","HMK042",1973,14.3,0.484304387023055,"Acrocephalus arundinaceus",137.748,202,"spp1"
"767","HMK042",1974,11.9,-0.968608774046108,"Acrocephalus arundinaceus",136.192,202,"spp1"
"769","HMK042",1975,13.4,-0.0605380483778816,"Acrocephalus arundinaceus",133.863,202,"spp1"
"771","HMK042",1976,14.6,0.665918532156699,"Acrocephalus arundinaceus",133.848,202,"spp1"
"772","HMK042",1977,13.2,-0.181614145133646,"Acrocephalus arundinaceus",127.272,202,"spp1"
"775","HMK042",1978,12,-0.908070725668227,"Acrocephalus arundinaceus",132.278,202,"spp1"
"776","HMK042",1979,13.4,-0.0605380483778816,"Acrocephalus arundinaceus",139.214,202,"spp1"
"778","HMK042",1980,11.8,-1.02914682242399,"Acrocephalus arundinaceus",138.431,202,"spp1"
"781","HMK042",1981,13.6,0.0605380483778816,"Acrocephalus arundinaceus",133.783,202,"spp1"
"782","HMK042",1982,13.5,0,"Acrocephalus arundinaceus",133,202,"spp1"
"785","HMK042",1984,11,-1.51345120944704,"Acrocephalus arundinaceus",134.131,202,"spp1"
"786","HMK042",1985,14.4,0.544842435400936,"Acrocephalus arundinaceus",137.981,202,"spp1"
"788","HMK042",1986,15.7,1.3318370643134,"Acrocephalus arundinaceus",136.035,202,"spp1"
"791","HMK042",1987,10.6,-1.75560340295857,"Acrocephalus arundinaceus",136.023,202,"spp1"
"793","HMK042",1988,15.9,1.45291316106916,"Acrocephalus arundinaceus",131.377,202,"spp1"
"795","HMK042",1989,15.2,1.02914682242399,"Acrocephalus arundinaceus",135.611,202,"spp1"
"797","HMK042",1990,15.4,1.15022291917975,"Acrocephalus arundinaceus",132.122,202,"spp1"
"799","HMK042",1991,10.2,-1.9977555964701,"Acrocephalus arundinaceus",141.377,202,"spp1"
"800","HMK042",1992,16.1,1.57398925782493,"Acrocephalus arundinaceus",134.027,202,"spp1"
"802","HMK042",1993,16.4,1.75560340295857,"Acrocephalus arundinaceus",132.083,202,"spp1"
"805","HMK042",1994,14.2,0.423766338645172,"Acrocephalus arundinaceus",127.825,202,"spp1"
"806","HMK042",1995,13.7,0.121076096755763,"Acrocephalus arundinaceus",129.741,202,"spp1"
"809","HMK042",1996,12.2,-0.786994628912464,"Acrocephalus arundinaceus",140.926,202,"spp1"
"810","HMK042",1997,13.7,0.121076096755763,"Acrocephalus arundinaceus",130.875,202,"spp1"
"813","HMK042",1998,14.7,0.726456580534581,"Acrocephalus arundinaceus",131.247,202,"spp1"
"814","HMK042",1999,14.7,0.726456580534581,"Acrocephalus arundinaceus",134.71,202,"spp1"
"817","HMK042",2000,15.4,1.15022291917975,"Acrocephalus arundinaceus",131.605,202,"spp1"
"818","HMK042",2001,15.6,1.27129901593552,"Acrocephalus arundinaceus",126.961,202,"spp1"
"821","HMK042",2003,15.3,1.08968487080187,"Acrocephalus arundinaceus",133.499,202,"spp1"
"764","HMK042",1973,14.3,0.484304387023055,"Acrocephalus scirpaceus",148.163,202,"spp2"
"766","HMK042",1974,11.9,-0.968608774046108,"Acrocephalus scirpaceus",142.278,202,"spp2"
"768","HMK042",1975,13.4,-0.0605380483778816,"Acrocephalus scirpaceus",143.832,202,"spp2"
"770","HMK042",1976,14.6,0.665918532156699,"Acrocephalus scirpaceus",144.21,202,"spp2"
"773","HMK042",1977,13.2,-0.181614145133646,"Acrocephalus scirpaceus",141.847,202,"spp2"
"774","HMK042",1978,12,-0.908070725668227,"Acrocephalus scirpaceus",138.704,202,"spp2"
"777","HMK042",1979,13.4,-0.0605380483778816,"Acrocephalus scirpaceus",146.127,202,"spp2"
"779","HMK042",1980,11.8,-1.02914682242399,"Acrocephalus scirpaceus",140.243,202,"spp2"
"780","HMK042",1981,13.6,0.0605380483778816,"Acrocephalus scirpaceus",136.708,202,"spp2"
"783","HMK042",1982,13.5,0,"Acrocephalus scirpaceus",141.002,202,"spp2"
"784","HMK042",1984,11,-1.51345120944704,"Acrocephalus scirpaceus",144.886,202,"spp2"
"787","HMK042",1985,14.4,0.544842435400936,"Acrocephalus scirpaceus",142.134,202,"spp2"
"789","HMK042",1986,15.7,1.3318370643134,"Acrocephalus scirpaceus",141.729,202,"spp2"
"790","HMK042",1987,10.6,-1.75560340295857,"Acrocephalus scirpaceus",146.804,202,"spp2"
"792","HMK042",1988,15.9,1.45291316106916,"Acrocephalus scirpaceus",137.01,202,"spp2"
"794","HMK042",1989,15.2,1.02914682242399,"Acrocephalus scirpaceus",140.517,202,"spp2"
"796","HMK042",1990,15.4,1.15022291917975,"Acrocephalus scirpaceus",136.981,202,"spp2"
"798","HMK042",1991,10.2,-1.9977555964701,"Acrocephalus scirpaceus",145.185,202,"spp2"
"801","HMK042",1992,16.1,1.57398925782493,"Acrocephalus scirpaceus",138.521,202,"spp2"
"803","HMK042",1993,16.4,1.75560340295857,"Acrocephalus scirpaceus",136.552,202,"spp2"
"804","HMK042",1994,14.2,0.423766338645172,"Acrocephalus scirpaceus",133.408,202,"spp2"
"807","HMK042",1995,13.7,0.121076096755763,"Acrocephalus scirpaceus",138.873,202,"spp2"
"808","HMK042",1996,12.2,-0.786994628912464,"Acrocephalus scirpaceus",145.121,202,"spp2"
"811","HMK042",1997,13.7,0.121076096755763,"Acrocephalus scirpaceus",140.021,202,"spp2"
"812","HMK042",1998,14.7,0.726456580534581,"Acrocephalus scirpaceus",139.615,202,"spp2"
"815","HMK042",1999,14.7,0.726456580534581,"Acrocephalus scirpaceus",138.821,202,"spp2"
"816","HMK042",2000,15.4,1.15022291917975,"Acrocephalus scirpaceus",130.981,202,"spp2"
"819","HMK042",2001,15.6,1.27129901593552,"Acrocephalus scirpaceus",121.577,202,"spp2"
"820","HMK042",2003,15.3,1.08968487080187,"Acrocephalus scirpaceus",127.42,202,"spp2"
"822","HMK043",1976,-0.270093,-0.227038320151444,"Beroe gracilis",166.5244,204,"spp2"
"831","HMK043",1978,-3.201077,-2.5318879141882,"Beroe gracilis",185.6869,204,"spp2"
"834","HMK043",1979,1.743231,1.35618731467442,"Beroe gracilis",186.9294,204,"spp2"
"837","HMK043",1980,0.078733,0.047269374632787,"Beroe gracilis",193.3659,204,"spp2"
"840","HMK043",1981,-0.165737,-0.144975475647585,"Beroe gracilis",172.5108,204,"spp2"
"845","HMK043",1982,0.471113,0.355826802345849,"Beroe gracilis",174.713,204,"spp2"
"850","HMK043",1983,-0.759763,-0.612102073727709,"Beroe gracilis",170.66,204,"spp2"
"854","HMK043",1984,-0.324233,-0.269612608179338,"Beroe gracilis",187.586,204,"spp2"
"855","HMK043",1985,-0.49528,-0.404119520708101,"Beroe gracilis",189.8225,204,"spp2"
"859","HMK043",1986,0.121267,0.0807170060878748,"Beroe gracilis",210.9492,204,"spp2"
"866","HMK043",1987,1.622027,1.26087564112191,"Beroe gracilis",135.4766,204,"spp2"
"868","HMK043",1988,0.898257,0.691721735581661,"Beroe gracilis",144.0026,204,"spp2"
"872","HMK043",1989,0.91133,0.702002002803469,"Beroe gracilis",127.3475,204,"spp2"
"878","HMK043",1990,-2.679893,-2.12204237056924,"Beroe gracilis",123.2945,204,"spp2"
"879","HMK043",1991,1.669837,1.29847218176863,"Beroe gracilis",175.9359,204,"spp2"
"884","HMK043",1992,-0.579383,-0.470255932714197,"Beroe gracilis",138.2339,204,"spp2"
"888","HMK043",1993,-0.046877,-0.0515070627366959,"Beroe gracilis",182.4746,204,"spp2"
"894","HMK043",1994,0.484097,0.366037082282202,"Beroe gracilis",109.1139,204,"spp2"
"898","HMK043",1995,-1.366993,-1.08961195402284,"Beroe gracilis",161.7441,204,"spp2"
"900","HMK043",1996,-1.262533,-1.00746732662362,"Beroe gracilis",220.6631,204,"spp2"
"905","HMK043",1997,2.48707,1.94112295989756,"Beroe gracilis",233.4234,204,"spp2"
"907","HMK043",1998,1.120075,0.866153642152985,"Beroe gracilis",155.8396,204,"spp2"
"911","HMK043",1999,-1.441367,-1.14809773344261,"Beroe gracilis",134.9614,204,"spp2"
"918","HMK043",2000,0.7225,0.55351100154179,"Beroe gracilis",156.0888,204,"spp2"
"921","HMK043",2001,0.0011,-0.0137791976329965,"Beroe gracilis",204.5295,204,"spp2"
"923","HMK043",2002,-0.281433,-0.235955801241882,"Beroe gracilis",154.2485,204,"spp2"
"929","HMK043",2003,-0.37942,-0.31301022977881,"Beroe gracilis",160.6738,204,"spp2"
"824","HMK043",1976,-0.270093,-0.227038320151444,"Copepod2 spp.",144.1174,203,"spp1"
"828","HMK043",1977,1.481926,1.15070385820732,"Copepod2 spp.",144.1174,203,"spp1"
"832","HMK043",1978,-3.201077,-2.5318879141882,"Copepod2 spp.",150.2942,203,"spp1"
"835","HMK043",1979,1.743231,1.35618731467442,"Copepod2 spp.",146.1768,203,"spp1"
"838","HMK043",1980,0.078733,0.047269374632787,"Copepod2 spp.",141.0297,203,"spp1"
"839","HMK043",1981,-0.165737,-0.144975475647585,"Copepod2 spp.",154.4116,203,"spp1"
"846","HMK043",1982,0.471113,0.355826802345849,"Copepod2 spp.",137.9413,203,"spp1"
"848","HMK043",1983,-0.759763,-0.612102073727709,"Copepod2 spp.",133.8232,203,"spp1"
"852","HMK043",1984,-0.324233,-0.269612608179338,"Copepod2 spp.",127.6471,203,"spp1"
"857","HMK043",1985,-0.49528,-0.404119520708101,"Copepod2 spp.",144.1174,203,"spp1"
"860","HMK043",1986,0.121267,0.0807170060878748,"Copepod2 spp.",154.4116,203,"spp1"
"864","HMK043",1987,1.622027,1.26087564112191,"Copepod2 spp.",137.9413,203,"spp1"
"870","HMK043",1988,0.898257,0.691721735581661,"Copepod2 spp.",144.1174,203,"spp1"
"871","HMK043",1989,0.91133,0.702002002803469,"Copepod2 spp.",150.2942,203,"spp1"
"875","HMK043",1990,-2.679893,-2.12204237056924,"Copepod2 spp.",121.4703,203,"spp1"
"881","HMK043",1991,1.669837,1.29847218176863,"Copepod2 spp.",127.6471,203,"spp1"
"885","HMK043",1992,-0.579383,-0.470255932714197,"Copepod2 spp.",111.1768,203,"spp1"
"889","HMK043",1993,-0.046877,-0.0515070627366959,"Copepod2 spp.",129.7058,203,"spp1"
"892","HMK043",1994,0.484097,0.366037082282202,"Copepod2 spp.",140,203,"spp1"
"897","HMK043",1995,-1.366993,-1.08961195402284,"Copepod2 spp.",133.8232,203,"spp1"
"899","HMK043",1996,-1.262533,-1.00746732662362,"Copepod2 spp.",150.2942,203,"spp1"
"903","HMK043",1997,2.48707,1.94112295989756,"Copepod2 spp.",98.8232,203,"spp1"
"908","HMK043",1998,1.120075,0.866153642152985,"Copepod2 spp.",127.6471,203,"spp1"
"913","HMK043",1999,-1.441367,-1.14809773344261,"Copepod2 spp.",134.8529,203,"spp1"
"916","HMK043",2000,0.7225,0.55351100154179,"Copepod2 spp.",154.4116,203,"spp1"
"920","HMK043",2001,0.0011,-0.0137791976329965,"Copepod2 spp.",88.5297,203,"spp1"
"924","HMK043",2002,-0.281433,-0.235955801241882,"Copepod2 spp.",115.2942,203,"spp1"
"930","HMK043",2003,-0.37942,-0.31301022977881,"Copepod2 spp.",150.2942,203,"spp1"
"823","HMK043",1976,-0.270093,-0.227038320151444,"Pleurobrachia pileus",140,203,"spp2"
"825","HMK043",1976,-0.270093,-0.227038320151444,"Pleurobrachia pileus",140,204,"spp1"
"826","HMK043",1977,1.481926,1.15070385820732,"Pleurobrachia pileus",140,204,"spp1"
"827","HMK043",1977,1.481926,1.15070385820732,"Pleurobrachia pileus",140,203,"spp2"
"829","HMK043",1978,-3.201077,-2.5318879141882,"Pleurobrachia pileus",123.2,204,"spp1"
"830","HMK043",1978,-3.201077,-2.5318879141882,"Pleurobrachia pileus",123.2,203,"spp2"
"833","HMK043",1979,1.743231,1.35618731467442,"Pleurobrachia pileus",132.65,204,"spp1"
"836","HMK043",1979,1.743231,1.35618731467442,"Pleurobrachia pileus",132.65,203,"spp2"
"841","HMK043",1981,-0.165737,-0.144975475647585,"Pleurobrachia pileus",151.55,204,"spp1"
"842","HMK043",1981,-0.165737,-0.144975475647585,"Pleurobrachia pileus",151.55,203,"spp2"
"843","HMK043",1982,0.471113,0.355826802345849,"Pleurobrachia pileus",125.3,204,"spp1"
"844","HMK043",1982,0.471113,0.355826802345849,"Pleurobrachia pileus",125.3,203,"spp2"
"847","HMK043",1983,-0.759763,-0.612102073727709,"Pleurobrachia pileus",129.5,203,"spp2"
"849","HMK043",1983,-0.759763,-0.612102073727709,"Pleurobrachia pileus",129.5,204,"spp1"
"851","HMK043",1984,-0.324233,-0.269612608179338,"Pleurobrachia pileus",158.9,204,"spp1"
"853","HMK043",1984,-0.324233,-0.269612608179338,"Pleurobrachia pileus",158.9,203,"spp2"
"856","HMK043",1985,-0.49528,-0.404119520708101,"Pleurobrachia pileus",144.2,204,"spp1"
"858","HMK043",1985,-0.49528,-0.404119520708101,"Pleurobrachia pileus",144.2,203,"spp2"
"861","HMK043",1986,0.121267,0.0807170060878748,"Pleurobrachia pileus",156.8,204,"spp1"
"862","HMK043",1986,0.121267,0.0807170060878748,"Pleurobrachia pileus",156.8,203,"spp2"
"863","HMK043",1987,1.622027,1.26087564112191,"Pleurobrachia pileus",167.3,204,"spp1"
"865","HMK043",1987,1.622027,1.26087564112191,"Pleurobrachia pileus",167.3,203,"spp2"
"867","HMK043",1988,0.898257,0.691721735581661,"Pleurobrachia pileus",106.4,204,"spp1"
"869","HMK043",1988,0.898257,0.691721735581661,"Pleurobrachia pileus",106.4,203,"spp2"
"873","HMK043",1989,0.91133,0.702002002803469,"Pleurobrachia pileus",91.7,204,"spp1"
"874","HMK043",1989,0.91133,0.702002002803469,"Pleurobrachia pileus",91.7,203,"spp2"
"876","HMK043",1990,-2.679893,-2.12204237056924,"Pleurobrachia pileus",74.9,204,"spp1"
"877","HMK043",1990,-2.679893,-2.12204237056924,"Pleurobrachia pileus",74.9,203,"spp2"
"880","HMK043",1991,1.669837,1.29847218176863,"Pleurobrachia pileus",114.8,204,"spp1"
"882","HMK043",1991,1.669837,1.29847218176863,"Pleurobrachia pileus",114.8,203,"spp2"
"883","HMK043",1992,-0.579383,-0.470255932714197,"Pleurobrachia pileus",85.4,203,"spp2"
"886","HMK043",1992,-0.579383,-0.470255932714197,"Pleurobrachia pileus",85.4,204,"spp1"
"887","HMK043",1993,-0.046877,-0.0515070627366959,"Pleurobrachia pileus",79.1,203,"spp2"
"890","HMK043",1993,-0.046877,-0.0515070627366959,"Pleurobrachia pileus",79.1,204,"spp1"
"891","HMK043",1994,0.484097,0.366037082282202,"Pleurobrachia pileus",112.7,203,"spp2"
"893","HMK043",1994,0.484097,0.366037082282202,"Pleurobrachia pileus",112.7,204,"spp1"
"895","HMK043",1995,-1.366993,-1.08961195402284,"Pleurobrachia pileus",125.3,203,"spp2"
"896","HMK043",1995,-1.366993,-1.08961195402284,"Pleurobrachia pileus",125.3,204,"spp1"
"901","HMK043",1996,-1.262533,-1.00746732662362,"Pleurobrachia pileus",144.2,204,"spp1"
"902","HMK043",1996,-1.262533,-1.00746732662362,"Pleurobrachia pileus",144.2,203,"spp2"
"904","HMK043",1997,2.48707,1.94112295989756,"Pleurobrachia pileus",110.6,203,"spp2"
"906","HMK043",1997,2.48707,1.94112295989756,"Pleurobrachia pileus",110.6,204,"spp1"
"909","HMK043",1998,1.120075,0.866153642152985,"Pleurobrachia pileus",106.4,203,"spp2"
"910","HMK043",1998,1.120075,0.866153642152985,"Pleurobrachia pileus",106.4,204,"spp1"
"912","HMK043",1999,-1.441367,-1.14809773344261,"Pleurobrachia pileus",110.6,204,"spp1"
"914","HMK043",1999,-1.441367,-1.14809773344261,"Pleurobrachia pileus",110.6,203,"spp2"
"915","HMK043",2000,0.7225,0.55351100154179,"Pleurobrachia pileus",68.6,204,"spp1"
"917","HMK043",2000,0.7225,0.55351100154179,"Pleurobrachia pileus",68.6,203,"spp2"
"919","HMK043",2001,0.0011,-0.0137791976329965,"Pleurobrachia pileus",81.2,203,"spp2"
"922","HMK043",2001,0.0011,-0.0137791976329965,"Pleurobrachia pileus",81.2,204,"spp1"
"925","HMK043",2002,-0.281433,-0.235955801241882,"Pleurobrachia pileus",70.7,204,"spp1"
"926","HMK043",2002,-0.281433,-0.235955801241882,"Pleurobrachia pileus",70.7,203,"spp2"
"927","HMK043",2003,-0.37942,-0.31301022977881,"Pleurobrachia pileus",106.4,204,"spp1"
"928","HMK043",2003,-0.37942,-0.31301022977881,"Pleurobrachia pileus",106.4,203,"spp2"
